movie_id,genre_id
1,1
1,2
1,9
2,1
2,2
2,5
3,1
4,7
4,15
4,17
5,1
5,2
5,5
6,15
7,5
7,7
7,11
8,1
8,2
8,3
9,11
10,11
10,15
11,5
11,7
12,9
12,14
13,5
13,6
13,7
14,11
15,17
16,1
16,15
17,1
17,2
17,9
18,1
18,5
18,6
19,1
19,2
19,5
20,1
20,2
20,15
21,11
22,1
23,1
23,2
23,6
24,7
24,9
24,11
25,1
25,2
25,15
26,4
26,7
26,12
27,1
27,2
27,7
28,11
28,15
28,17
29,1
29,2
29,8
30,2
30,11
30,13
31,1
31,6
31,17
32,2
32,7
32,11
33,5
33,7
34,5
34,7
34,9
35,4
35,7
35,10
36,5
36,15
36,17
37,9
37,12
38,5
38,7
39,15
40,1
40,2
40,9
41,1
41,15
41,17
42,11
42,15
43,7
44,7
45,6
45,17
46,11
47,15
47,18
48,7
48,14
49,11
50,5
50,13
51,1
51,5
51,15
52,1
52,5
53,11
53,13
53,17
54,1
54,2
54,9
55,17
56,5
56,7
56,14
57,11
58,1
58,5
58,7
59,7
59,11
59,14
60,7
60,10
60,17
61,7
62,2
62,5
62,8
63,5
63,14
64,5
64,7
65,7
66,11
66,17
67,5
67,9
68,7
69,1
69,6
69,7
70,11
70,13
71,15
71,17
72,1
72,15
72,17
73,11
73,15
73,17
74,7
74,11
74,14
75,5
75,7
75,17
76,17
77,1
77,6
77,13
78,17
79,1
79,7
79,17
80,7
81,1
81,2
81,5
82,5
83,11
83,17
84,5
84,6
84,7
85,1
85,2
85,3
86,5
86,14
87,6
87,7
87,17
88,11
89,7
89,15
90,1
90,17
91,2
91,6
91,7
92,9
92,14
93,4
93,16
94,6
94,17
95,11
96,4
96,5
96,6
97,1
98,5
98,7
99,5
99,7
99,14
100,5
100,17
101,11
101,17
102,1
102,15
