id,slug,title,status,release_date,runtime_minutes,synopsis,directors,cast,countries,languages,trailer_youtube_id,popularity,wikidata_id,source_url
1,the-odyssey,The Odyssey,now_showing,2026-07-06,172,"The Odyssey is a 2026 epic action fantasy film written and directed by Christopher Nolan, who produced it with his wife Emma Thomas. An adaptation of Homer's ancient Greek epic poem the Odyssey, it stars an ensemble cast including Matt Damon, Tom Holland, Anne Hathaway, Robert Pattinson, Lupita Nyong'o, Samantha Morton, Zendaya, and Charlize Theron. In the film, Odysseus (Damon), the Greek king of Ithaca, undergoes a long and perilous journey home after the Trojan War and encounters mythical beings as he attempts to reunite with his wife, Penelope (Hathaway).",Christopher Nolan,Matt Damon|Robert Pattinson|Lupita Nyong'o|Samantha Morton,GB|US,en,Mzw2ttJD2qQ,67,Q131547207,https://en.wikipedia.org/wiki/The_Odyssey_(2026_film)
2,spider-man-brand-new-day,Spider-Man: Brand New Day,now_showing,2026-07-29,145,"Spider-Man: Brand New Day is a 2026 American superhero film based on the Marvel Comics character Spider-Man. Produced by Columbia Pictures, Marvel Studios, and Pascal Pictures, and distributed by Sony Pictures Releasing, it is the 38th film in the Marvel Cinematic Universe (MCU) and the fourth film in the MCU Spider-Man film series following Spider-Man: No Way Home (2021). The film was directed by Destin Daniel Cretton, written by Chris McKenna and Erik Sommers, and stars Tom Holland as Peter Parker / Spider-Man alongside Zendaya, Sadie Sink, Jacob Batalon, Jon Bernthal, Florence Pugh, Tramell Tillman, Marisa Tomei, and Mark Ruffalo. In the film, Parker is on his own and dedicated to protecting New York City as the hero Spider-Man. His personal struggles and overworking cause his superpowers to evolve while he faces a new telepathic threat.",Destin Daniel Cretton,Jacob Batalon|Jon Bernthal|Florence Pugh|Tramell Tillman,CA|DE|GB|US,en,daXaTug8rL4,55,Q113244935,https://en.wikipedia.org/wiki/Spider-Man%3A_Brand_New_Day
3,supergirl,Supergirl,now_showing,2026-06-22,108,"Supergirl is a 2026 American superhero film based on the DC Comics superheroine Kara Zor-El / Supergirl. Directed by Craig Gillespie and written by Ana Nogueira, it is the second film in the DC Universe (DCU). Milly Alcock stars in the title role, alongside Matthias Schoenaerts, Eve Ridley, David Krumholtz, Emily Beecham, David Corenswet, and Jason Momoa. In the film, Kara embarks on a journey across the galaxy to hunt down an adversary who has harmed her pet dog Krypto. The film is produced by Peter Safran and James Gunn of DC Studios.",Craig Gillespie,Milly Alcock|Matthias Schoenaerts|Eve Ridley|David Krumholtz,US,en,s1-pfiVMKAs,38,Q116921951,https://en.wikipedia.org/wiki/Supergirl_(2026_film)
4,disclosure-day,Disclosure Day,now_showing,2026-06-10,145,"Disclosure Day is a 2026 American science fiction thriller film directed and produced by Steven Spielberg from a screenplay by David Koepp, based on a story by Spielberg. The film stars an ensemble cast, including Emily Blunt, Josh O'Connor, Colin Firth, Eve Hewson, and Colman Domingo. In the film, a television meteorologist (Blunt) and a cybersecurity analyst (O'Connor) go on a mission to disclose the existence of extraterrestrial life to the world, while trying to evade the trail of a government contractor (Firth), who tries to prevent them from getting the secret out.",Steven Spielberg,Emily Blunt|Josh O'Connor|Colin Firth|Eve Hewson,US,en,icDuEHSxE-w,38,Q126683577,https://en.wikipedia.org/wiki/Disclosure_Day
5,moana,Moana,now_showing,2026-07-08,115,"Moana is a 2026 American musical adventure film and a live-action adaptation of Disney Animation's 2016 film. As the overall third installment and the first live-action film in the Moana franchise, the film was directed by Thomas Kail and written by Jared Bush and Dana Ledoux Miller. It was produced by Dwayne Johnson, Hiram Garcia, Dany Garcia, Beau Flynn, and songwriter Lin-Manuel Miranda. The film stars Johnson, Rena Owen, John Tui, Frankie Adams, Jemaine Clement and Catherine Laga'aia in her film debut as the title character.",Thomas Kail,Dwayne Johnson|Rena Owen|John Tui|Frankie Adams,US,en,EEz5xbzYPKI,32,Q118996994,https://en.wikipedia.org/wiki/Moana_(2026_film)
6,the-end-of-oak-street,The End of Oak Street,now_showing,2026-08-09,99,"The End of Oak Street is a 2026 American science fiction survival film written, co-produced, and directed by David Robert Mitchell. It stars Anne Hathaway, Ewan McGregor, Maisy Stella and Christian Convery as a family whose suburban neighborhood has been transported from 1982 into the age of dinosaurs.",David Robert Mitchell,Ewan McGregor|Maisy Stella|Christian Convery|Jordan Alexa Davis,AU|CA|US,en,IoHWPAN6FPg,28,Q124804916,https://en.wikipedia.org/wiki/The_End_of_Oak_Street
7,scary-movie,Scary Movie,now_showing,2026-06-04,104,"Scary Movie is a 2026 American parody film directed by Michael Tiddes and written by Marlon Wayans, Shawn Wayans, Keenen Ivory Wayans, Craig Wayans, and Rick Alvarez. It is the sixth installment in the Scary Movie film series and has been referred to as the spiritual sequel to the first two films. It stars Marlon, Shawn, Anna Faris, and Regina Hall. The plot follows Cindy Campbell and her friends Ray Wilkins and siblings Shorty and Brenda Meeks reunited when the same masked killer from the original film Scary Movie resurfaces.",Michael Tiddes,Marlon Wayans|Shawn Wayans|Anna Faris|Regina Hall,US,en,0fZ58S-7QP0,28,Q131450198,https://en.wikipedia.org/wiki/Scary_Movie_(2026_film)
8,coyote-vs-acme,Coyote vs. Acme,now_showing,2026-07-25,103,"Coyote vs. Acme is a 2026 American comedy film directed by Dave Green and written by Samy Burch, who developed the story with James Gunn and Jeremy Slater. Loosely based on the 1990 The New Yorker magazine article ""Coyote v. Acme"" by Ian Frazier, it follows Wile E. Coyote as he enlists a billboard attorney to sue the Acme Corporation for repeatedly selling him faulty products. The live-action animated film stars Will Forte, Lana Condor, Tone Bell, Luis Guzmán, Martha Kelly, P. J. Byrne, Kenneth Choi, and John Cena, with Eric Bauza leading the voice cast.",Dave Green,Will Forte|Lana Condor|Tone Bell|Martha Kelly,US,en,kMsiD1Nky5I,25,Q106392679,https://en.wikipedia.org/wiki/Coyote_vs._Acme
9,evil-dead-burn,Evil Dead Burn,now_showing,2026-07-09,110,"Evil Dead Burn is a 2026 American supernatural horror film written and directed by Sébastien Vaniček, who co-wrote it with Florent Bernard, and produced by Rob Tapert and series creator Sam Raimi. It serves as a sequel to Evil Dead Rise (2023) and is the sixth installment in the Evil Dead film series. The film stars Souheila Yacoub as a young woman who seeks solace with her in-laws following the death of her husband. As the family comes together in a secluded house, the gathering becomes a ""family reunion from hell"" when members gradually turn into Deadites. It also stars Tandi Wright, Hunter Doohan, Luciane Buchanan, Erroll Shand, and Maude Davey in supporting roles.",Sébastien Vaniček,Souheila Yacoub|Tandi Wright|Hunter Doohan|Luciane Buchanan,CA|NZ|US,fr|en,nMzhf6qYJ4I,25,Q132731331,https://en.wikipedia.org/wiki/Evil_Dead_Burn
10,resident-evil,Resident Evil,now_showing,2026-09-15,95,"Resident Evil is a 2026 American horror film directed by Zach Cregger and written by Cregger and Shay Hatten, based on the Resident Evil video game franchise by Capcom. It is the eighth live-action film of the Resident Evil film series, and serves as a reboot. The film stars Austin Abrams as Bryan Hodukavich, a medical courier who must fight through an outbreak of infected monsters in Raccoon City. Zach Cherry, Kali Reis, and Paul Walter Hauser feature in supporting roles.",Zach Cregger,Austin Abrams|Zach Cherry|Kali Reis|Paul Walter Hauser,DE|US,en,SJPu1spHqfk,25,Q136565785,https://en.wikipedia.org/wiki/Resident_Evil_(2026_film)
11,digger,Digger,now_showing,2026-10-01,128,"Digger is a 2026 satirical black comedy film directed by Alejandro G. Iñárritu, who co-wrote the screenplay with Sabina Berman, Alexander Dinelaris Jr., and Nicolás Giacobone, from a story by Iñárritu, Berman, and Jez Butterworth. It is a co-production of the United States, United Kingdom, and Mexico. Tom Cruise, who co-produced the film, stars as the titular character alongside Riz Ahmed, John Goodman, Sandra Hüller, Michael Stuhlbarg, and Jesse Plemons.",Alejandro González Iñárritu,Riz Ahmed|John Goodman|Sandra Hüller|Michael Stuhlbarg,GB|MX|US,en,qORTe1wW3Wg,24,Q129677718,https://en.wikipedia.org/wiki/Digger_(2026_film)
12,practical-magic-2,Practical Magic 2,now_showing,2026-08-26,130,"Practical Magic 2 is a 2026 American romantic fantasy film directed by Susanne Bier from a screenplay by Akiva Goldsman, Georgia Pritchett, and Kelly Marcel, based on the 2021 novel The Book of Magic by Alice Hoffman. The sequel to Practical Magic (1998), the film stars Sandra Bullock, Nicole Kidman, Dianne Wiest, and Stockard Channing reprising their roles from the previous film, alongside new cast members Joey King, Lee Pace, Maisie Williams, and Xolo Maridueña.",Susanne Bier,Sandra Bullock|Nicole Kidman|Dianne Wiest|Stockard Channing,US,en,iSWP2feb4rw,22,Q131901398,https://en.wikipedia.org/wiki/Practical_Magic_2
13,the-further-mis-adventures-of-cliff-booth,The Further Mis-Adventures of Cliff Booth,coming_soon,2026-11-25,,"The Further Mis-Adventures of Cliff Booth is an upcoming comedy-drama film directed by David Fincher and written by Quentin Tarantino. Produced by Tarantino, Ceán Chaffin, David Heyman, Stacey Sher, and Brad Pitt, it is a standalone sequel and spin-off to Once Upon a Time in Hollywood (2019), with Pitt and Timothy Olyphant reprising their respective roles as stunt double Cliff Booth and Western actor James Stacy. The ensemble cast also features Elizabeth Debicki, Scott Caan, Carla Gugino, Yahya Abdul-Mateen II, Peter Weller, Matt Groove, JB Tadena, Corey Fogelmanis, Karren Karagulian, and Holt McCallany.",David Fincher,Brad Pitt|Timothy Olyphant|Elizabeth Debicki|Scott Caan,US,en,RjEZaUBbUvU,17,Q134236545,https://en.wikipedia.org/wiki/The_Further_Mis-Adventures_of_Cliff_Booth
14,other-mommy,Other Mommy,coming_soon,2026-10-08,,"Other Mommy is an upcoming American supernatural psychological horror film directed by Rob Savage and written by Nathan Elston. The film is based on the 2024 novel Incidents Around the House by Josh Malerman. It stars Jessica Chastain as a mother who must do everything to protect her daughter from a supernatural entity that resembles her. Jay Duplass, Dichen Lachman, Arian Moayed, and Karen Allen comprise the supporting cast. James Wan serves as a producer through his Blumhouse–Atomic Monster banner, in association with Spin a Black Yarn.",Rob Savage,Jessica Chastain|Jay Duplass|Dichen Lachman|Karen Allen,IE|US,en,bEpTgowZ1dI,14,Q134588273,https://en.wikipedia.org/wiki/Other_Mommy
15,whalefall,Whalefall,coming_soon,2026-10-15,99,"Whalefall is an upcoming American survival thriller film directed and produced by Brian Duffield, based on the 2023 novel by Daniel Kraus, who co-wrote the script with Duffield. The film follows a scuba diver who, while searching for the remains of his father, is swallowed alive by a sperm whale and attempts to escape. Elisabeth Shue also stars in a supporting role.",Brian Duffield,Elisabeth Shue|Josh Brolin|Jane Levy|John Ortiz,US,en,67ho3OxCmmM,14,Q134876629,https://en.wikipedia.org/wiki/Whalefall_(film)
16,avatar-fire-and-ash,Avatar: Fire and Ash,archive,2025-12-01,197,"Avatar: Fire and Ash is a 2025 American epic science fiction film directed by James Cameron from a screenplay he co-wrote with Rick Jaffa and Amanda Silver. Produced by Lightstorm Entertainment, it is the third installment in the Avatar film series and the sequel to Avatar: The Way of Water (2022). The film features Sam Worthington, Zoe Saldaña, Sigourney Weaver, Stephen Lang, and Kate Winslet reprising their roles from previous films. The story follows the human-turned-Na'vi Jake Sully and his family on the habitable moon Pandora, as they face the combined threat of the human RDA forces and the Mangkwan, a ruthless Na'vi clan.",,Zoe Saldaña|Sigourney Weaver|Stephen Lang|Michelle Yeoh,US,en,ITmRYfeg4H0,55,Q29580929,https://en.wikipedia.org/wiki/Avatar%3A_Fire_and_Ash
17,superman,Superman,archive,2025-07-09,129,"Superman is a 2025 American superhero film written and directed by James Gunn. Based on the DC Comics character Superman, it is the first film in the DC Universe (DCU) and a reboot of the Superman film series. David Corenswet stars as Kal-El / Clark Kent / Superman, alongside Rachel Brosnahan, Nicholas Hoult, Edi Gathegi, Anthony Carrigan, Nathan Fillion, and Isabela Merced. In the film, Superman faces unintended consequences after he intervenes in an international conflict orchestrated by billionaire Lex Luthor (Hoult). Superman must win back public support with the help of his reporter and superhero colleagues. The film was produced by Gunn and Peter Safran of DC Studios.",James Gunn,David Corenswet|Rachel Brosnahan|Nicholas Hoult|Edi Gathegi,US,en,xFU8U4UVUBs,53,Q116547790,https://en.wikipedia.org/wiki/Superman_(2025_film)
18,one-battle-after-another,One Battle After Another,archive,2025-09-08,162,"One Battle After Another is a 2025 American action-comedy thriller film written, directed, and produced by Paul Thomas Anderson. Inspired by the 1990 novel Vineland by Thomas Pynchon, the film's ensemble cast includes Leonardo DiCaprio, Sean Penn, Benicio del Toro, Regina Hall, Teyana Taylor, and Chase Infiniti, in her film debut. The film follows a drug using washed-up former revolutionary who is thrust back into the conflict when an amoral tenacious counterterrorist agent resurfaces after sixteen years to bring them to justice to cover his past sins.",Paul Thomas Anderson,Leonardo DiCaprio|Sean Penn|Benicio del Toro|Regina Hall,US,en,Uye8x9ilHAY,53,Q117085614,https://en.wikipedia.org/wiki/One_Battle_After_Another
19,a-minecraft-movie,A Minecraft Movie,archive,2025-04-02,101,"A Minecraft Movie is a 2025 adventure comedy film based on the 2011 video game Minecraft developed and published by Mojang Studios. Directed by Jared Hess, from a screenplay by Chris Bowman, Hubbel Palmer, Neil Widener, Gavin James, and Chris Galletta, based on a story by Allison Schroeder, Bowman, and Palmer, the film stars Jason Momoa, Jack Black, Emma Myers, Danielle Brooks, Sebastian Hansen, and Jennifer Coolidge. It follows four misfits from the fictional town of Chuglass, Idaho, who are pulled through a portal into a cubic world, and must embark on a quest back to the real world with the help of an expert named Steve.",Jared Hess,Jason Momoa|Jack Black|Emma Myers|Danielle Brooks,SE|US,en,apU7balyYe8,52,Q40083273,https://en.wikipedia.org/wiki/A_Minecraft_Movie
20,the-fantastic-four-first-steps,The Fantastic Four: First Steps,archive,2025-07-24,114,"The Fantastic Four: First Steps is a 2025 American superhero film based on the Marvel Comics superhero team the Fantastic Four. Produced by Marvel Studios and distributed by Walt Disney Studios Motion Pictures, it is the 37th film in the Marvel Cinematic Universe (MCU) and the second reboot of the Fantastic Four film series. The film was directed by Matt Shakman from a screenplay by Josh Friedman, Eric Pearson, and the team of Jeff Kaplan and Ian Springer. It features an ensemble cast including Pedro Pascal, Vanessa Kirby, Ebon Moss-Bachrach, and Joseph Quinn as the titular team, alongside Julia Garner, Sarah Niles, Mark Gatiss, Natasha Lyonne, Paul Walter Hauser, and Ralph Ineson. The film is set in the 1960s of a retro-futuristic world which the Fantastic Four must protect from the planet-devouring cosmic being Galactus (Ineson).",Matt Shakman,Pedro Pascal|Vanessa Kirby|Ebon Moss-Bachrach|Joseph Quinn,US,en,pAsmrKyMqaA,49,Q105105219,https://en.wikipedia.org/wiki/The_Fantastic_Four%3A_First_Steps
21,obsession,Obsession,archive,2025-09-05,109,"Obsession is a 2025 American supernatural horror film written, directed, and edited by Curry Barker. It follows the shop clerk Bear, whose friend Nikki falls dangerously in love with him after he makes a wish. Cooper Tomlinson, Megan Lawless, and Andy Richter appear in supporting roles.",Curry Barker,Megan Lawless|Andy Richter|Jeff Barker|Inde Navarrette,US,en,TaaDkbG3I7g,49,Q136163067,https://en.wikipedia.org/wiki/Obsession_(2025_film)
22,mission-impossible-the-final-reckoning,Mission: Impossible – The Final Reckoning,archive,2025-05-06,169,"Mission: Impossible – The Final Reckoning is a 2025 American action spy film directed by Christopher McQuarrie from a screenplay he co-wrote with Erik Jendresen. It is the sequel to Mission: Impossible – Dead Reckoning Part One (2023) and the eighth installment in the Mission: Impossible film series. The ensemble cast includes Tom Cruise, Hayley Atwell, Ving Rhames, Simon Pegg, Henry Czerny and Angela Bassett. In the film, Hunt and his IMF team continue their mission to prevent the Entity, a rogue artificial intelligence, from destroying all of humanity.",Christopher McQuarrie,Ving Rhames|Simon Pegg|Henry Czerny|Angela Bassett,GB|US,en,e2ThgvKAKB0,47,Q61876374,https://en.wikipedia.org/wiki/Mission%3A_Impossible_%E2%80%93_The_Final_Reckoning
23,thunderbolts,Thunderbolts*,archive,2025-05-01,126,"Thunderbolts*  is a 2025 American superhero film based on Marvel Comics featuring the team Thunderbolts. Produced by Marvel Studios and distributed by Walt Disney Studios Motion Pictures, it is the 36th film in the Marvel Cinematic Universe (MCU). The film was directed by Jake Schreier from a screenplay by Eric Pearson and Joanna Calo, and stars an ensemble cast featuring Florence Pugh, Sebastian Stan, Wyatt Russell, Olga Kurylenko, Lewis Pullman, Geraldine Viswanathan, Chris Bauer, Wendell Pierce, David Harbour, Hannah John-Kamen, and Julia Louis-Dreyfus. In the film, a group of antiheroes are caught in a trap and forced to work together on a mission that uncovers their traumatic pasts.",Jake Schreier,Florence Pugh|Sebastian Stan|Wyatt Russell|Olga Kurylenko,US,en,v-94Snw-H4o,47,Q112322474,https://en.wikipedia.org/wiki/Thunderbolts*
24,sinners,Sinners,archive,2025-04-16,137,"Sinners is a 2025 American horror film produced, written, and directed by Ryan Coogler. Set in 1932 in the Mississippi Delta, it stars Michael B. Jordan in dual roles as criminal twin brothers who return to their hometown in the Jim Crow South, where they are confronted by a supernatural evil. The film co-stars Hailee Steinfeld, Miles Caton, Jack O'Connell, Wunmi Mosaku, Jayme Lawson, Omar Benson Miller, and Delroy Lindo.",Ryan Coogler,Michael B. Jordan|Hailee Steinfeld|Miles Caton|Jack O'Connell,US,en,LZaOourG0-Y,47,Q125473145,https://en.wikipedia.org/wiki/Sinners_(2025_film)
25,project-hail-mary,Project Hail Mary,archive,2026-03-18,156,"Project Hail Mary is a 2026 science fiction film produced and directed by Phil Lord and Christopher Miller and written by Drew Goddard, based on the 2021 novel of the same name by Andy Weir. It stars Ryan Gosling, who also produced the film, as Ryland Grace, and Sandra Hüller, James Ortiz, and Lionel Boyce play supporting roles. The story follows Ryland Grace, a middle school teacher who awakens aboard an interstellar spacecraft with no memory of how he got there.",Phil Lord|Christopher Miller,Ryan Gosling|Sandra Hüller|James Ortiz|Lionel Boyce,US,en,m08TxIsFTRI,46,Q107105860,https://en.wikipedia.org/wiki/Project_Hail_Mary_(film)
26,michael,Michael,archive,2026-04-10,127,"Michael is a 2026 biographical film directed by Antoine Fuqua and written by John Logan. It follows the early life of the American singer Michael Jackson, from his time with the Jackson 5 in the 1960s to the Bad World Tour in the late 1980s. Jackson is portrayed by his nephew Jaafar Jackson and as a child by Juliano Valdi, both in their film debuts. The supporting cast includes Nia Long, KeiLyn Durrel Jones, Laura Harrier, Jessica Sula, Mike Myers, Miles Teller, and Colman Domingo.",Antoine Fuqua,Jaafar Jackson|Nia Long|Laura Harrier|Jessica Sula,US,en,ABAm3QqKv2s,46,Q116677364,https://en.wikipedia.org/wiki/Michael_(2026_film)
27,jurassic-world-rebirth,Jurassic World Rebirth,archive,2025-07-02,133,"Jurassic World Rebirth is a 2025 American science fiction action film directed by Gareth Edwards and written by David Koepp. The sequel to Jurassic World Dominion (2022), it is the fourth installment in the Jurassic World film series, as well as the seventh installment overall in the Jurassic Park franchise. The film features Scarlett Johansson, Mahershala Ali, Jonathan Bailey, and Ed Skrein. In Jurassic World Rebirth, the world's de-extinct dinosaurs live around the equator, which provides the last viable climate for them to survive. A team travels to a former island research facility where three specific gigantic species of dinosaurs reside, with the goal of extracting samples that are vital for a heart disease treatment. The team also rescues a shipwrecked family, and both groups struggle to survive after becoming stranded on the island.",Gareth Edwards,Mahershala Ali|Jonathan Bailey|Ed Skrein|Rupert Friend,US,en,R_I4x1znZkw,46,Q124380480,https://en.wikipedia.org/wiki/Jurassic_World_Rebirth
28,28-years-later,28 Years Later,archive,2025-06-20,115,"28 Years Later is a 2025 post-apocalyptic coming-of-age horror film produced and directed by Danny Boyle, and written by Alex Garland. The third film in the 28 Days Later film series, it stars Jodie Comer, Aaron Taylor-Johnson, Jack O'Connell, Alfie Williams, and Ralph Fiennes. The film tells the story of a boy living in a post-apocalyptic world who undertakes a hazardous journey with his ill mother in an effort to obtain medical treatment for her.",Danny Boyle,Jodie Comer|Aaron Taylor-Johnson|Jack O'Connell|Alfie Williams,GB|US,en,QIw20lo4zbc,43,Q125392328,https://en.wikipedia.org/wiki/28_Years_Later
29,how-to-train-your-dragon,How to Train Your Dragon,archive,2025-06-11,125,"How to Train Your Dragon is a 2025 fantasy adventure film and a live-action remake of the 2010 animated film by DreamWorks Animation, itself loosely based on the 2003 novel by Cressida Cowell. The film was written and directed by Dean DeBlois, who co-wrote and directed the animated film. It stars Mason Thames, Nico Parker, Gabriel Howell, Julian Dennison, Bronwyn James, Harry Trevaldwyn, Peter Serafinowicz, and Nick Frost, with Gerard Butler reprising his role as Stoick the Vast.",Dean DeBlois,Mason Thames|Nico Parker|Gabriel Howell|Julian Dennison,US,en,HjTnOSi1S1M,41,Q118904382,https://en.wikipedia.org/wiki/How_to_Train_Your_Dragon_(2025_film)
30,backrooms,Backrooms,archive,2026-05-07,110,"Backrooms is a 2026 American psychological horror film directed and co-scored by Kane Parsons, and written by Will Soodik. It is based on Parsons's web series which was inspired by the ""Backrooms"" creepypasta. In the film, Clark, a furniture store owner, and his therapist Mary discover a dimension of seemingly endless liminal spaces accessed through the store's basement. Mark Duplass, Finn Bennett, and Lukita Maxwell also star.",Kane Parsons,Mark Duplass|Finn Bennett|Lukita Maxwell|Avan Jogia,US,en,0HjdiohVOik,41,Q125131076,https://en.wikipedia.org/wiki/Backrooms_(film)
31,ballerina,Ballerina,archive,2025-06-05,125,"Ballerina is a 2025 American action thriller film directed by Len Wiseman and written by Shay Hatten. It is a spin-off installment within the John Wick film series, taking place between the events of John Wick: Chapter 3 – Parabellum (2019) and Chapter 4 (2023). It stars Ana de Armas as ballerina and assassin Eve MaCarro, who takes on an army of killers as she avenges the death of her father. The supporting cast includes Anjelica Huston, Gabriel Byrne, Lance Reddick, Norman Reedus, Ian McShane, and Keanu Reeves.",Len Wiseman,Ana de Armas|Anjelica Huston|Gabriel Byrne|Lance Reddick,US,en,,40,Q84713105,https://en.wikipedia.org/wiki/Ballerina_(2025_film)
32,frankenstein,Frankenstein,archive,2025-08-30,149,"Frankenstein is a 2025 American Gothic science fiction horror film produced, written, and directed by Guillermo del Toro, based on the 1818 novel by Mary Shelley. The film stars Oscar Isaac as Victor Frankenstein and Jacob Elordi as the Creature, with Mia Goth and Christoph Waltz in supporting roles. The story follows the life of Frankenstein, an egotistical scientist whose experiment in creating new life results in dangerous consequences.",Guillermo del Toro,Oscar Isaac|Jacob Elordi|Mia Goth|Christoph Waltz,GB|MX|US,en,,40,Q124393045,https://en.wikipedia.org/wiki/Frankenstein_(2025_film)
33,sentimental-value,Sentimental Value,archive,2025-05-21,133,"Sentimental Value is a 2025 drama film directed by Joachim Trier, who co-wrote it with Eskil Vogt. It follows sisters Nora and Agnes in their reunion with their estranged father Gustav, who is preparing to make his next film with young American actress Rachel.",Joachim Trier,Lena Endre|Stellan Skarsgård|Elle Fanning|Jesper Christensen,DE|DK|FR|NO|SE,en|sv|no,,40,Q130284179,https://en.wikipedia.org/wiki/Sentimental_Value
34,lilo-and-stitch,Lilo & Stitch,archive,2025-05-21,108,"Lilo & Stitch is a 2025 American science fiction comedy-drama film produced by Walt Disney Pictures and Rideback. Directed by Dean Fleischer Camp, it is a live-action animated remake of Disney's 2002 traditionally animated film Lilo & Stitch. The film stars Sydney Elizebeth Agudong, Billy Magnussen, Hannah Waddingham, Courtney B. Vance, Zach Galifianakis, and Maia Kealoha in her film debut, with original Lilo & Stitch writer-director Chris Sanders reprising his voice role as Stitch.",Dean Fleischer Camp,Billy Magnussen|Courtney B. Vance|Zach Galifianakis|Maia Kealoha,US,en,VWqJifMMgZE,39,Q59395971,https://en.wikipedia.org/wiki/Lilo_%26_Stitch_(2025_film)
35,hamnet,Hamnet,archive,2025-08-29,125,"Hamnet is a 2025 historical drama film directed by Chloé Zhao, who co-wrote the screenplay with Maggie O'Farrell, based on the 2020 novel by O'Farrell. The film dramatises the family life of William Shakespeare and his wife Agnes Hathaway as they cope with the death of their 11-year-old son Hamnet. It stars Jessie Buckley and Paul Mescal as Agnes and William, alongside Emily Watson, Joe Alwyn, and Jacobi Jupe in supporting roles.",Chloé Zhao,Jessie Buckley|Paul Mescal|Emily Watson|Joe Alwyn,GB|US,en,,39,Q122741016,https://en.wikipedia.org/wiki/Hamnet_(film)
36,bugonia,Bugonia,archive,2025-08-28,118,"Bugonia is a 2025 dark comedy film directed by Yorgos Lanthimos and written by Will Tracy. An English-language remake of the 2003 South Korean film Save the Green Planet! by Jang Joon-hwan, the film follows two young men who kidnap a powerful CEO, suspecting that she is secretly an alien who wants to destroy Earth. The film stars Emma Stone, Jesse Plemons, Aidan Delbis, Stavros Halkias, and Alicia Silverstone.",Yorgos Lanthimos,Jesse Plemons|Aidan Delbis|Stavros Halkias|Alicia Silverstone,IE|KR|US,en,bd_5HcTujfc,38,Q125971387,https://en.wikipedia.org/wiki/Bugonia_(film)
37,wicked-for-good,Wicked: For Good,archive,2025-11-04,137,"Wicked: For Good is a 2025 American musical fantasy film directed by Jon M. Chu and written by Winnie Holzman and Dana Fox. The sequel to Wicked (2024), it adapts the second act of the 2003 stage musical by Stephen Schwartz and Holzman, which was loosely based on Gregory Maguire's 1995 novel, a re-imagining of L. Frank Baum's 1900 novel The Wonderful Wizard of Oz and its 1939 film adaptation. Ariana Grande, Cynthia Erivo, Jonathan Bailey, Ethan Slater, Bowen Yang, Michelle Yeoh, and Jeff Goldblum reprise their roles from the first film. Set in the Land of Oz both before and during a retelling of the events of The Wonderful Wizard of Oz, the film follows Elphaba and Glinda in their new respective identities as the Wicked Witch of the West and Glinda the Good.",Jon M. Chu,Ariana Grande|Cynthia Erivo|Jonathan Bailey|Ethan Slater,US,en,R2Xubj7lazE,37,Q114817050,https://en.wikipedia.org/wiki/Wicked%3A_For_Good
38,the-devil-wears-prada-2,The Devil Wears Prada 2,archive,2026-04-20,119,"The Devil Wears Prada 2 is a 2026 American comedy drama film directed by David Frankel and written by Aline Brosh McKenna. A sequel to the 2006 film The Devil Wears Prada, it sees Meryl Streep, Anne Hathaway, Emily Blunt, and Stanley Tucci reprising their roles, joined by Justin Theroux, Lucy Liu, and Kenneth Branagh. Set two decades after the events of the first film, it follows Andy Sachs (Hathaway) as she helps Miranda Priestly (Streep) navigate a new media landscape and corporate threats to the survival of Runway magazine.",David Frankel,Emily Blunt|Stanley Tucci|Justin Theroux|Lucy Liu,US,en,2MRMJUTZkbE,36,Q134611972,https://en.wikipedia.org/wiki/The_Devil_Wears_Prada_2
39,tron-ares,Tron: Ares,archive,2025-10-09,119,"Tron: Ares is a 2025 American science fiction action film. It is the third installment in the Tron series following Tron: Legacy (2010). Produced by Walt Disney Pictures, the film was directed by Joachim Rønning, and stars Jared Leto, Greta Lee, Evan Peters, Jodie Turner-Smith, Hasan Minhaj, Arturo Castro, and Gillian Anderson, with Jeff Bridges reprising his role as Kevin Flynn from the first two films. The story is about artificial intelligence originating from the Grid entering the real world, namely a highly advanced program called Ares.",Joachim Rønning,Jared Leto|Greta Lee|Evan Peters|Jodie Turner-Smith,CA|US,en,hUZSUnh8Y0M,35,Q120237363,https://en.wikipedia.org/wiki/Tron%3A_Ares
40,mortal-kombat-ii,Mortal Kombat II,archive,2026-04-27,116,"Mortal Kombat II is a 2026 American martial arts high fantasy film based on the video-game series created by Ed Boon and John Tobias. It is the sequel to Mortal Kombat (2021) and is the fourth installment in the Mortal Kombat film series. Directed by Simon McQuoid and written by Jeremy Slater, it stars returning cast members Jessica McNamee, Josh Lawson, Ludi Lin, Mehcad Brooks, Lewis Tan, Max Huang, Damon Herriman, Chin Han, Tadanobu Asano, Joe Taslim, and Hiroyuki Sanada, with Karl Urban, Adeline Rudolph, Martyn Ford, and Tati Gabrielle joining the cast. The film follows Johnny Cage, a martial arts actor who is recruited by the thunder god Raiden and Sonya Blade to join his fellow Earthrealm fighters in an interdimensional tournament against the Outworld warriors and stop the tyrannical emperor Shao Kahn, with the help of Edenian princess Kitana.",Simon McQuoid,Jessica McNamee|Josh Lawson|Ludi Lin|Mehcad Brooks,US,en,,34,Q117830073,https://en.wikipedia.org/wiki/Mortal_Kombat_II_(film)
41,predator-badlands,Predator: Badlands,archive,2025-11-05,108,"Predator: Badlands is a 2025 American science fiction action film directed by Dan Trachtenberg and written by Patrick Aison from a story by Trachtenberg and Aison. It is the seventh installment in the Predator franchise. The film stars Elle Fanning and Dimitrius Schuster-Koloamatangi in leading roles. The story follows Dek, a young exiled Yautja, who crash-lands on a hostile planet and must prove himself worthy of the hunt by killing an apex predator, leading him to form an alliance with Thia, a Weyland-Yutani Corporation android.",Dan Trachtenberg,Elle Fanning,US,en,43R9l7EkJwE,34,Q126396314,https://en.wikipedia.org/wiki/Predator%3A_Badlands
42,28-years-later-the-bone-temple,28 Years Later: The Bone Temple,archive,2026-01-14,109,"28 Years Later: The Bone Temple is a 2026 post-apocalyptic horror film directed by Nia DaCosta and written by Alex Garland. It is the direct sequel to 28 Years Later (2025) and the fourth instalment in the 28 Days Later film series. It stars Ralph Fiennes, Jack O'Connell, Alfie Williams, Erin Kellyman, and Chi Lewis-Parry. The film follows Spike as he is adopted into ""Sir Lord"" Jimmy Crystal's satanic cult while Dr Ian Kelson makes an unexpected connection with Samson, an Alpha Infected.",Nia DaCosta,Ralph Fiennes|Jack O'Connell|Alfie Williams|Erin Kellyman,GB|US,en,QlF68NIz8dg,34,Q129423731,https://en.wikipedia.org/wiki/28_Years_Later%3A_The_Bone_Temple
43,marty-supreme,Marty Supreme,archive,2025-10-06,150,"Marty Supreme is a 2025 American sports comedy-drama film directed by Josh Safdie, who co-wrote it with Ronald Bronstein. Set in the 1950s, it stars Timothée Chalamet as table tennis player Marty Mauser and follows his quest to become world champion. Gwyneth Paltrow, Odessa A'zion, Kevin O'Leary, Tyler Okonma, Abel Ferrara and Fran Drescher appear in supporting roles.",Josh Safdie,Timothée Chalamet|Gwyneth Paltrow|Odessa A'zion|Kevin O'Leary,US,en,PI6-qKhzTt8,34,Q130118681,https://en.wikipedia.org/wiki/Marty_Supreme
44,it-was-just-an-accident,It Was Just an Accident,archive,2025-05-20,105,"It Was Just an Accident is a 2025 political thriller film written and directed by Jafar Panahi. The film is a co-production between Iran, France, and Luxembourg. The film follows a group of former Iranian political prisoners who face the question of whether to exact revenge on a man they believe may be their tormentor. Panahi, who is critical of the Iranian government and has been imprisoned several times, made the film without official filming permission from the Iranian authorities.",Jafar Panahi,George Hashemzadeh|Hadis Pakbaten|Vahid Mobasseri|Ebrahim Azizi,FR|IR,fa,,34,Q133866932,https://en.wikipedia.org/wiki/It_Was_Just_an_Accident
45,now-you-see-me-now-you-don-t,Now You See Me: Now You Don't,archive,2025-11-11,113,"Now You See Me: Now You Don't is a 2025 American heist film directed by Ruben Fleischer from a screenplay by Michael Lesslie, the writing duo of Paul Wernick and Rhett Reese, and Seth Grahame-Smith, based on a story by Eric Warren Singer and Lesslie. The film is the sequel to Now You See Me 2 (2016) and the third installment in the Now You See Me film series. The cast includes Jesse Eisenberg, Woody Harrelson, Dave Franco, Isla Fisher, Lizzy Caplan, and Morgan Freeman returning from previous films, joined by new cast members Justice Smith, Dominic Sessa, Ariana Greenblatt, and Rosamund Pike.",Ruben Fleischer,Jesse Eisenberg|Woody Harrelson|Dave Franco|Isla Fisher,US,en,uogrgIasYcA,33,Q65146722,https://en.wikipedia.org/wiki/Now_You_See_Me%3A_Now_You_Don't
46,final-destination-bloodlines,Final Destination Bloodlines,archive,2025-05-14,110,"Final Destination Bloodlines is a 2025 American supernatural horror film directed by Zach Lipovsky and Adam Stein, and written by Guy Busick and Lori Evans Taylor. It is the sixth installment in the Final Destination film series, and stars Kaitlyn Santa Juana as a college student who inherits visions of a 1969 premonition that averted a deadly skyscraper failure from her dying grandmother, who warns her granddaughter that Death is coming for their family. Teo Briones, Richard Harmon, Owen Patrick Joyner, Anna Lore, Brec Bassinger, and Tony Todd appear in supporting roles.",Adam Stein|Zach Lipovsky,Kaitlyn Santa Juana|Teo Briones|Richard Harmon|Anna Lore,US,en,oP-4hrB-Icc,33,Q118212751,https://en.wikipedia.org/wiki/Final_Destination_Bloodlines
47,the-mandalorian-and-grogu,The Mandalorian and Grogu,archive,2026-05-14,132,"Star Wars: The Mandalorian and Grogu is a 2026 American science fiction film directed by Jon Favreau, who co-wrote the film with Dave Filoni and Noah Kloor. Produced by Lucasfilm and Fairview Entertainment, and distributed by Walt Disney Studios Motion Pictures, it is part of the Star Wars franchise and serves as a continuation of the Disney+ television series The Mandalorian (2019–2023). Pedro Pascal stars as Din Djarin / The Mandalorian—who was also portrayed on set by Brendan Wayne and Lateef Crowder—alongside Jeremy Allen White, Jonny Coyne, Martin Scorsese, and Sigourney Weaver with supporting roles done by Stephen McKinley Henderson, Hemky Madera, Shirley Henderson, and Steve Blum. In the film, which is set following the fall of the Galactic Empire, Djarin and his apprentice Grogu are enlisted by the New Republic to rescue Rotta the Hutt (White) in exchange for information on a target.",Jon Favreau,Pedro Pascal|Jonny Coyne|Sigourney Weaver|Hemky Madera,US,en,IHWlvwu8t1w,33,Q124246549,https://en.wikipedia.org/wiki/The_Mandalorian_and_Grogu
48,wuthering-heights,Wuthering Heights,archive,2026-02-12,136,"Wuthering Heights is a 2026 romantic period drama film produced, written and directed by Emerald Fennell. Loosely based on the 1847 novel by Emily Brontë, the film is a reinterpretation intended by Fennell to ""recreate the feeling of a teenage girl reading this book for the first time"". Margot Robbie and Jacob Elordi respectively star as Catherine Earnshaw and Heathcliff, alongside Hong Chau, Shazad Latif, Alison Oliver, Martin Clunes, and Ewan Mitchell in supporting roles.",Emerald Fennell,Margot Robbie|Jacob Elordi|Hong Chau|Shazad Latif,GB|US,en,3fLCdIYShEQ,33,Q130393881,https://en.wikipedia.org/wiki/Wuthering_Heights_(2026_film)
49,the-conjuring-last-rites,The Conjuring: Last Rites,archive,2025-09-04,135,"The Conjuring: Last Rites is a 2025 American supernatural horror film directed by Michael Chaves and written by Ian Goldberg, Richard Naing, and David Leslie Johnson-McGoldrick. The film is the ninth installment in The Conjuring film series, and is based on the real-life investigations of the Smurl haunting case. It stars Patrick Wilson and Vera Farmiga, who reprise their roles as paranormal investigators Ed and Lorraine Warren, along with Mia Tomlinson and Ben Hardy.",Michael Chaves,Patrick Wilson|Vera Farmiga|Mia Tomlinson|Ben Hardy,US,en,bMgfsdYoEEo,32,Q114802043,https://en.wikipedia.org/wiki/The_Conjuring%3A_Last_Rites
50,wake-up-dead-man,Wake Up Dead Man,archive,2025-09-06,144,"Wake Up Dead Man is a 2025 American mystery film written and directed by Rian Johnson. It is the third film in the Knives Out series. The film stars Daniel Craig, who reprises his role as master detective Benoit Blanc as he investigates the death of a Catholic priest against the backdrop of a missing inheritance. The ensemble cast also includes Josh O'Connor, Glenn Close, Josh Brolin, Mila Kunis, Jeremy Renner, Kerry Washington, Andrew Scott, Cailee Spaeny, Daryl McCormack, and Thomas Haden Church.",Rian Johnson,Daniel Craig|Josh O'Connor|Glenn Close|Josh Brolin,US,en,eHM1K1JByBI,32,Q115931717,https://en.wikipedia.org/wiki/Wake_Up_Dead_Man
51,m3gan-2-0,M3GAN 2.0,archive,2025-06-25,120,"M3GAN 2.0 is a 2025 American science fiction action film written and directed by Gerard Johnstone from a story he co-wrote with Akela Cooper. A sequel to the 2022 film M3GAN and the second installment in the M3GAN franchise, the film stars Allison Williams, Violet McGraw, Ivanna Sakhno, and Jemaine Clement, with Amie Donald physically portraying M3GAN while Jenna Davis voices the character. Jason Blum and James Wan return as producers under their respective Blumhouse Productions and Atomic Monster companies. It follows M3GAN being rebuilt to combat a humanoid military robot built using M3GAN's technology that is attempting an AI takeover.",Gerard Johnstone,Allison Williams|Violet McGraw|Ivanna Sakhno|Jemaine Clement,US,en,CNDELJJ3vA0,32,Q116258185,https://en.wikipedia.org/wiki/M3GAN_2.0
52,the-naked-gun,The Naked Gun,archive,2025-07-31,85,"The Naked Gun is a 2025 American action comedy parody film directed by Akiva Schaffer, who co-wrote the screenplay with Dan Gregor and Doug Mand. The film is the fourth installment in The Naked Gun film series and the sequel to Naked Gun 33⅓: The Final Insult (1994). It stars Liam Neeson in the main role, with Pamela Anderson, Paul Walter Hauser, Kevin Durand and Danny Huston in supporting roles. Its plot follows the son of Lt. Frank Drebin who must succeed in his father's footsteps to prevent the closure of Police Squad.",Akiva Schaffer,Liam Neeson|Pamela Anderson|Paul Walter Hauser|Kevin Durand,US,en,J2A9WEMVp8g,32,Q125908027,https://en.wikipedia.org/wiki/The_Naked_Gun_(2025_film)
53,scream-7,Scream 7,archive,2026-02-25,114,"Scream 7 is a 2026 American slasher film directed by Kevin Williamson and written by Williamson and Guy Busick. It is the sequel to Scream VI (2023) and the seventh installment in the Scream film series. The film stars Neve Campbell, Jasmin Savoy Brown, Mason Gooding, David Arquette, Matthew Lillard, and Courteney Cox reprising their roles from the previous films, with Isabel May, Anna Camp, Michelle Randolph, Jimmy Tatro, Mckenna Grace, Asa Germann, Celeste O'Connor, Sam Rechner, Mark Consuelos, Tim Simons, and Joel McHale also starring. The film follows Sidney Prescott, whose daughter Tatum is targeted by a new Ghostface killer.",Kevin Williamson,Neve Campbell|Jasmin Savoy Brown|Mason Gooding|David Arquette,US,en,,32,Q124758309,https://en.wikipedia.org/wiki/Scream_7
54,masters-of-the-universe,Masters of the Universe,archive,2026-05-18,141,"Masters of the Universe is a 2026 American science fantasy film based on the eponymous media franchise by Mattel. It is the second live-action film adaptation, the 1987 film was the first. It was directed by Travis Knight and written by Chris Butler, Aaron Nee, Adam Nee, and David Callaham. Nicholas Galitzine stars as Prince Adam / He-Man, alongside Camila Mendes, Idris Elba, Jared Leto, Alison Brie, James Purefoy, Jóhannes Haukur Jóhannesson, Charlotte Riley, Kristen Wiig, and Morena Baccarin. Its plot follows Prince Adam (Galitzine) as he returns to his home planet, Eternia, to take his destiny as He-Man, and save his home from the evil forces of Skeletor (Leto).",Travis Knight,Nicholas Galitzine|Camila Mendes|Idris Elba|Jared Leto,US,en,X21JsHLHnY8,31,Q112040381,https://en.wikipedia.org/wiki/Masters_of_the_Universe_(2026_film)
55,the-housemaid,The Housemaid,archive,2025-12-19,131,"The Housemaid is a 2025 American erotic psychological thriller film directed by Paul Feig and written by Rebecca Sonnenshine. It is based on the 2022 novel by Freida McFadden, and stars Sydney Sweeney and Amanda Seyfried. In the film, Millie Calloway, a young woman with a troubled past, becomes the live-in maid for a wealthy family whose household hides dark secrets.",Paul Feig,Sydney Sweeney|Amanda Seyfried|Elizabeth Perkins|Megan Ferguson,US,en,48CtX6OgU3s,31,Q131630491,https://en.wikipedia.org/wiki/The_Housemaid_(2025_film)
56,the-drama,The Drama,archive,2026-03-17,105,The Drama is a 2026 American romantic dark comedy film written and directed by Kristoffer Borgli. It stars Zendaya and Robert Pattinson as a happily engaged couple whose relationship is tested by an unexpected revelation the week before their wedding.,Kristoffer Borgli,Robert Pattinson|Alana Haim|Mamoudou Athie|Hailey Gates,US,en,6zmKcUa4Xxk,30,Q130590402,https://en.wikipedia.org/wiki/The_Drama_(film)
57,send-help,Send Help,archive,2026-01-29,113,"Send Help is a 2026 American survival horror film directed and produced by Sam Raimi and written by Damian Shannon and Mark Swift. The film stars Rachel McAdams and Dylan O'Brien as an employee and her boss, respectively, who become stranded on a desert island after a plane crash and attempt to survive while tension rises between them.",Sam Raimi,Rachel McAdams|Dylan O'Brien|Dennis Haysbert|Xavier Samuel,US,en,R4wiXj9NmEE,30,Q132200341,https://en.wikipedia.org/wiki/Send_Help
58,karate-kid-legends,Karate Kid: Legends,archive,2025-05-28,94,"Karate Kid: Legends is a 2025 American martial arts drama film starring Jackie Chan and Ralph Macchio, while introducing Ben Wang as the main lead. It is the sixth film in The Karate Kid franchise, serving as a follow-up to The Karate Kid (2010) and the television series Cobra Kai (2018–2025). Both Chan and Macchio reprise their roles from the franchise. The story follows Li (Wang), a kung fu prodigy who, after moving to New York and confronting a local karate champion, receives help from his former master Mr. Han (Chan) and karate sensei Daniel LaRusso (Macchio). It is the first film in the series not to be produced by Jerry Weintraub, who died in 2015.",Jonathan Entwistle,Jackie Chan|Ralph Macchio|Ben Wang|Joshua Jackson,CA|CN|US,en,l4KdKREpLVk,29,Q124246470,https://en.wikipedia.org/wiki/Karate_Kid%3A_Legends
59,the-bride,The Bride!,archive,2026-02-26,126,"The Bride! is a 2026 American gothic romance film directed and written by Maggie Gyllenhaal and starring Jessie Buckley, Christian Bale, Peter Sarsgaard, Annette Bening, Jake Gyllenhaal, and Penélope Cruz. The film draws inspiration from the 1935 film Bride of Frankenstein, which was based on Mary Shelley's 1818 novel Frankenstein.",Maggie Gyllenhaal,Jessie Buckley|Christian Bale|Peter Sarsgaard|Annette Bening,US,en,IhgcUArO3Uo,29,Q124735657,https://en.wikipedia.org/wiki/The_Bride!
60,the-secret-agent,The Secret Agent,archive,2025-05-18,160,"The Secret Agent is a 2025 historical political thriller film written and directed by Kleber Mendonça Filho. It follows Armando, a former professor caught in the political turmoil in the midst of the Brazilian military dictatorship, attempting to flee persecution. The supporting cast includes Carlos Francisco, Tânia Maria, Robério Diógenes, Gabriel Leone, Maria Fernanda Cândido, Alice Carvalho, and Udo Kier in his final film role.",Kleber Mendonça Filho,Carlos Francisco|Tânia Maria|Gabriel Leone|Maria Fernanda Cândido,BR|DE|FR,de|pt,,29,Q132531438,https://en.wikipedia.org/wiki/The_Secret_Agent_(2025_film)
61,nuremberg,Nuremberg,archive,2025-09-07,148,"Nuremberg is a 2025 American psychological thriller historical drama film written, co-produced, and directed by James Vanderbilt. Based on the 2013 book The Nazi and the Psychiatrist by Jack El-Hai, the film follows U.S. Army psychiatrist Douglas Kelley seeking to investigate the personalities and monitor the mental status of Hermann Göring and other high-ranking Nazis in preparation for and during the Nuremberg trials. Leo Woodall, John Slattery, Mark O'Brien, Colin Hanks, Wrenn Schmidt, Lydia Peckham, Richard E. Grant, and Michael Shannon have supporting roles in the film.",James Vanderbilt,Leo Woodall|John Slattery|Mark O'Brien|Colin Hanks,US,en,WvAy9C-bipY,28,Q124393313,https://en.wikipedia.org/wiki/Nuremberg_(2025_film)
62,the-sheep-detectives,The Sheep Detectives,archive,2026-05-07,110,"The Sheep Detectives is a 2026 mystery comedy-drama film directed by Kyle Balda and written by Craig Mazin, based on the 2005 novel Three Bags Full by Leonie Swann. The film features an ensemble cast including Hugh Jackman, Nicholas Braun, Nicholas Galitzine, Molly Gordon, Hong Chau, and Emma Thompson, with the voices of Julia Louis-Dreyfus, Bryan Cranston, Chris O'Dowd, Regina Hall, Patrick Stewart, Bella Ramsey, and Brett Goldstein. The film follows a flock of sheep who try to solve the murder of their shepherd.",Kyle Balda,Nicholas Braun|Nicholas Galitzine|Molly Gordon|Hong Chau,DE|GB|IE|US,en,JSsGiEabHPY,28,Q126405648,https://en.wikipedia.org/wiki/The_Sheep_Detectives
63,materialists,Materialists,archive,2025-06-13,116,"Materialists is a 2025 American romantic comedy-drama film written and directed by Celine Song and starring Dakota Johnson, Chris Evans, and Pedro Pascal. The film follows a matchmaker, her ex-boyfriend, and a wealthy financier amid New York City's competitive dating scene. It is Song's second feature film, following Past Lives (2023), and was produced by Killer Films and 2AM. Materialists was released in the United States on June 13, 2025, by A24. The film received generally positive reviews and grossed $108 million on a $20 million budget.",Celine Song,Dakota Johnson|Pedro Pascal|Marin Ireland|Eddie Cahill,US,en,rL-IO0prijU,28,Q125726790,https://en.wikipedia.org/wiki/Materialists_(film)
64,jay-kelly,Jay Kelly,archive,2025-08-28,132,"Jay Kelly is a 2025 comedy-drama film directed by Noah Baumbach from a script he wrote with Emily Mortimer. The film stars an ensemble cast that includes George Clooney, Adam Sandler, Laura Dern, and Billy Crudup. It follows a famous actor (Clooney) as he travels through Europe with his team and manager (Sandler), and reflects on his life choices, relationships, and legacy.",Noah Baumbach,Emily Mortimer|George Clooney|Adam Sandler|Laura Dern,GB|US,en,I8GbcVkqZwQ,28,Q124829697,https://en.wikipedia.org/wiki/Jay_Kelly
65,the-voice-of-hind-rajab,The Voice of Hind Rajab,archive,2025-09-03,89,"The Voice of Hind Rajab is a 2025 docudrama film written and directed by Kaouther Ben Hania. It follows the Red Crescent response during the killing of Hind Rajab, a five-year-old Palestinian girl, by the Israel Defense Forces during the Israeli invasion of the Gaza Strip. It stars Saja Kilani, Motaz Malhees, Amer Hlehel, and Clara Khoury. The film is a co-production between Tunisia and France.",Kaouther Ben Hania,Saja Kilani|Motaz Malhees|Amer Hlehel|Clara Khoury,FR|GB|TN,en|ar,,28,Q135038882,https://en.wikipedia.org/wiki/The_Voice_of_Hind_Rajab
66,black-phone-2,Black Phone 2,archive,2025-10-16,114,"Black Phone 2 is a 2025 American supernatural horror film directed by Scott Derrickson who co-wrote it with C. Robert Cargill. It serves as a sequel to The Black Phone (2021). It is the second feature film in the Black Phone film series. The film stars Mason Thames, Madeleine McGraw, Jeremy Davies, and Ethan Hawke reprising their roles from the first film, with Demián Bichir also joining the cast. The story sees siblings Finney and Gwen, along with their friend Ernesto, head to a winter youth camp to uncover a mystery regarding the first victims of the Grabber, whose ghostly presence now haunts the camp.",Scott Derrickson,Mason Thames|Madeleine McGraw|Jeremy Davies|Ethan Hawke,US,en,v0kqkRZHqk4,27,Q124435493,https://en.wikipedia.org/wiki/Black_Phone_2
67,freakier-friday,Freakier Friday,archive,2025-08-07,111,"Freakier Friday is a 2025 American fantasy comedy film directed by Nisha Ganatra and written by Jordan Weiss. Produced by Walt Disney Pictures, it is the sequel to Freaky Friday (2003) and is the fifth film in the Freaky Friday franchise. It stars Jamie Lee Curtis, Lindsay Lohan, Julia Butters, Sophia Hammons, Manny Jacinto, and Mark Harmon. In the film, Anna (Lohan) and Tess Coleman (Curtis) swap bodies with Anna's daughter Harper (Butters) and stepdaughter Lily (Hammons) respectively.",Nisha Ganatra,Jamie Lee Curtis|Lindsay Lohan|Julia Butters|Sophia Hammons,US,en,IyJzhtJEtoU,27,Q126897811,https://en.wikipedia.org/wiki/Freakier_Friday
68,fjord,Fjord,archive,2026-05-18,146,"Fjord is a 2026 legal thriller family drama film written, co-produced, and directed by Cristian Mungiu. A co-production of Romania, France, Denmark, Finland, Norway, and Sweden, it stars Sebastian Stan and Renate Reinsve as a Romanian-Norwegian conservative couple facing scrutiny after moving to the wife's progressive remote Norwegian hometown. It is loosely inspired by the true story of the Bodnariu family whose children were forcefully taken from them by the authorities in Norway.",Cristian Mungiu,Sebastian Stan|Renate Reinsve|Ellen Dorrit Petersen|Lisa Loven Kongsli,DK|FI|FR|NO|RO|SE,en|ro|no,,27,Q137652478,https://en.wikipedia.org/wiki/Fjord_(film)
69,havoc,Havoc,archive,2025-04-25,107,"Havoc is a 2025 action thriller film written and directed by Gareth Evans. The film stars Tom Hardy, Jessie Mei Li, Justin Cornwell, Quelin Sepulveda, Luis Guzmán, Yeo Yann Yann, Timothy Olyphant, and Forest Whitaker. It is a co-production between the United States and the United Kingdom. The film was released by Netflix on April 25, 2025.",Gareth Evans,Tom Hardy|Jessie Mei Li|Justin Cornwell|Yeo Yann Yann,GB|US,en,,26,Q107584295,https://en.wikipedia.org/wiki/Havoc_(2025_film)
70,five-nights-at-freddy-s-2,Five Nights at Freddy's 2,archive,2025-12-04,104,"Five Nights at Freddy's 2 is a 2025 American supernatural horror film based on the video game series Five Nights at Freddy's created by Scott Cawthon and the sequel to the 2023 film adaptation. The film was directed by Emma Tammi and written by Cawthon. Josh Hutcherson, Elizabeth Lail, Piper Rubio, and Matthew Lillard reprise their roles from the previous film, with Mckenna Grace, Wayne Knight, and Skeet Ulrich joining the cast. Set a year and a half after the previous film, it follows Abby Schmidt (Rubio) as she is manipulated by the Marionette, an animatronic from the original Freddy Fazbear's Pizza, who plots revenge against adults.",Emma Tammi,Josh Hutcherson|Elizabeth Lail|Piper Rubio|Matthew Lillard,US,en,eGV7zwjvxKs,26,Q124216482,https://en.wikipedia.org/wiki/Five_Nights_at_Freddy's_2_(film)
71,mercy,Mercy,archive,2026-01-22,99,"Mercy is a 2026 American science fiction thriller film written by Marco van Belle, directed by Timur Bekmambetov, and starring Chris Pratt and Rebecca Ferguson. The plot involves a detective (Pratt), who is accused of murdering his wife, and must prove his innocence to an artificial intelligence judge (Ferguson). The film also stars Kali Reis, Annabelle Wallis, Chris Sullivan, and Kylie Rogers.",Timur Bekmambetov,Rebecca Ferguson|Kali Reis|Annabelle Wallis|Chris Sullivan,US,en,,26,Q124566659,https://en.wikipedia.org/wiki/Mercy_(2026_film)
72,the-running-man,The Running Man,archive,2025-11-05,133,"The Running Man is a 2025 dystopian action film co-produced and directed by Edgar Wright, from a screenplay by Wright and Michael Bacall. It is the second adaptation of the 1982 novel by Stephen King, following the 1987 film. It stars Glen Powell as Ben Richards, a competitor on a lethal reality television show. The cast also features William H. Macy, Lee Pace, Michael Cera, Emilia Jones, Daniel Ezra, Jayme Lawson, Sean Hayes, Colman Domingo, and Josh Brolin.",Edgar Wright,Glen Powell|William H. Macy|Lee Pace|Michael Cera,US,en,KD18ddeFuyM,26,Q125449414,https://en.wikipedia.org/wiki/The_Running_Man_(2025_film)
73,the-long-walk,The Long Walk,archive,2025-08-20,108,"The Long Walk is a 2025 American dystopian horror thriller film directed by Francis Lawrence and written by JT Mollner. It is based on the 1979 novel by Stephen King. The film stars Cooper Hoffman, David Jonsson, Garrett Wareing, Tut Nyuot, Joshua Odjick, Charlie Plummer, Ben Wang, Roman Griffin Davis, Josh Hamilton, Judy Greer, and Mark Hamill.",Francis Lawrence,Cooper Hoffman|David Jonsson|Garrett Wareing|Tut Nyuot,US,en,vAtUHeMQ1F8,26,Q126511469,https://en.wikipedia.org/wiki/The_Long_Walk_(2025_film)
74,dracula-2025-french-film,Dracula (2025 French film),archive,2025-07-30,129,"Dracula is a 2025 English-language French Gothic romantic fantasy film, written and directed by Luc Besson, based on the 1897 novel Dracula by Bram Stoker. It stars Caleb Landry Jones as Dracula, alongside Christoph Waltz and Zoë Bleu. It was theatrically released in France on 30 July 2025, by SND and had a wide theatrical release in North America on 6 February 2026. The film received mixed critical reviews and positive reviews from audiences, and has currently grossed $42.5 million worldwide on a budget of $52 million. The film received financial support from the CNC.",Luc Besson,Caleb Landry Jones|Christoph Waltz|Guillaume de Tonquédec|Ivan Franěk,FR,fr|en,rEeDQffQy1w,26,Q125187519,https://en.wikipedia.org/wiki/Dracula_(2025_French_film)
75,no-other-choice,No Other Choice,archive,2025-08-29,139,"No Other Choice is a 2025 South Korean black comedy thriller film co-written, produced, and directed by Park Chan-wook. Based on The Ax by Donald Westlake, the film stars Lee Byung-hun, Son Ye-jin, Park Hee-soon, Lee Sung-min, Yeom Hye-ran, and Cha Seung-won. It is the second film adaptation of the novel, after the 2005 French-language feature The Axe directed by Costa-Gavras, to whom No Other Choice is dedicated in the closing credits. The film follows a desperate paper industry expert who decides to kill off his competition to be assured of the job he seeks to maintain his way of life.",Park Chan-wook,Lee Byung-hun|Son Ye-jin|Park Hee-soon|Lee Sung-min,KR,ko,-jz6J37yvyE,26,Q129906152,https://en.wikipedia.org/wiki/No_Other_Choice
76,a-house-of-dynamite,A House of Dynamite,archive,2025-09-02,112,"A House of Dynamite is a 2025 American political thriller film directed by Kathryn Bigelow and written by Noah Oppenheim. The film dramatizes the perspectives and responses of various U.S. government officials, both civilian and military, after an unknown adversary launches an ICBM at Chicago. It stars an ensemble cast of Idris Elba, Rebecca Ferguson, Gabriel Basso, Jared Harris, Tracy Letts, Anthony Ramos, Moses Ingram, Jonah Hauer-King, Greta Lee, and Jason Clarke.",Kathryn Bigelow,Idris Elba|Rebecca Ferguson|Gabriel Basso|Jared Harris,US,en,0w6wUqWU3yU,26,Q131686066,https://en.wikipedia.org/wiki/A_House_of_Dynamite
77,the-rip,The Rip,archive,2026-01-16,113,"The Rip is a 2026 American action thriller film written and directed by Joe Carnahan, who developed the story with Michael McGrale. The film stars Matt Damon and Ben Affleck as police officers in the Miami-Dade Police Department narcotics unit. It also stars Steven Yeun, Teyana Taylor, Sasha Calle, Catalina Sandino Moreno, Scott Adkins, and Kyle Chandler.",Joe Carnahan,Matt Damon|Ben Affleck|Steven Yeun|Teyana Taylor,US,en,ARU2WHyOPxE,26,Q131189949,https://en.wikipedia.org/wiki/The_Rip_(film)
78,die-my-love,Die My Love,archive,2025-05-17,118,"Die My Love is a 2025 American psychological drama film directed by Lynne Ramsay, who co-wrote the screenplay with Enda Walsh and Alice Birch. Based on the 2012 novel by Ariana Harwicz, it follows a young mother in rural Montana whose severe postpartum depression and psychosis unravel her marriage to her husband and her grip on reality. The supporting cast includes LaKeith Stanfield, Nick Nolte, and Sissy Spacek.",Lynne Ramsay,LaKeith Stanfield|Nick Nolte|Sissy Spacek|Robert Pattinson,US,en,8Y6yG4SgFew,25,Q117745793,https://en.wikipedia.org/wiki/Die_My_Love
79,the-amateur,The Amateur,archive,2025-04-09,123,"The Amateur is a 2025 American spy action thriller film directed by James Hawes and written by Ken Nolan and Gary Spinelli. It is based on the 1981 novel by Robert Littell, which was previously adapted into a 1981 Canadian film. It stars Rami Malek, Rachel Brosnahan, Caitríona Balfe, Michael Stuhlbarg, Holt McCallany, Julianne Nicholson, and Laurence Fishburne. In the film, when a CIA cryptographer's wife is killed in a terrorist attack, he blackmails the agency into training him so he can personally seek revenge.",James Hawes,Rami Malek|Rachel Brosnahan|Caitríona Balfe|Michael Stuhlbarg,US,en,,25,Q119206814,https://en.wikipedia.org/wiki/The_Amateur_(2025_film)
80,nouvelle-vague,Nouvelle Vague,archive,2025-05-17,105,"Nouvelle Vague is a 2025 comedy-drama film directed by Richard Linklater. Starring Guillaume Marbeck as Jean-Luc Godard, Zoey Deutch as Jean Seberg, and Aubry Dullin as Jean-Paul Belmondo, it follows the shooting of Breathless (1960), one of the first feature films of the French New Wave of cinema.",Richard Linklater,Guillaume Marbeck|Zoey Deutch|Aubry Dullin|Jade Phan-Gia,FR,fr|en,UufRzKVFseg,25,Q125867250,https://en.wikipedia.org/wiki/Nouvelle_Vague_(2025_film)
81,the-phoenician-scheme,The Phoenician Scheme,archive,2025-04-30,105,"The Phoenician Scheme is a 2025 black comedy espionage thriller film written, produced, and directed by Wes Anderson from a story he conceived with Roman Coppola. The film features an ensemble cast that includes Benicio del Toro, Mia Threapleton, Michael Cera, Riz Ahmed, Tom Hanks, Bryan Cranston, Mathieu Amalric, Richard Ayoade, Jeffrey Wright, Scarlett Johansson, Benedict Cumberbatch, Rupert Friend, Hope Davis, F. Murray Abraham, Charlotte Gainsbourg, Willem Dafoe, and Bill Murray. It tells the story of a ruthless businessman as he seeks to reconcile with his estranged daughter (Threapleton) and complete an ambitious infrastructure project in Phoenicia. The film was produced internationally between the United States and Germany by Anderson's company American Empirical Pictures and Steven Rales's company Indian Paintbrush.",Wes Anderson,Benicio del Toro|Mia Threapleton|Michael Cera|Riz Ahmed,US,en,Li0YjEtfP6g,25,Q124758337,https://en.wikipedia.org/wiki/The_Phoenician_Scheme
82,the-invite,The Invite,archive,2026-01-24,107,"The Invite is a 2026 American sex comedy drama film directed by Olivia Wilde from a screenplay by Will McCormack and Rashida Jones. It is an English-language remake of the 2020 Spanish film The People Upstairs (Sentimental) by Cesc Gay. The film stars Seth Rogen, Wilde, Penélope Cruz, and Edward Norton.",Olivia Wilde,Olivia Wilde|Seth Rogen|Penélope Cruz|Edward Norton,US,en,SiwAz-SzIBo,25,Q134083296,https://en.wikipedia.org/wiki/The_Invite
83,lee-cronin-s-the-mummy,Lee Cronin's The Mummy,archive,2026-04-09,134,"Lee Cronin's The Mummy is a 2026 supernatural horror film written and directed by Lee Cronin. A reimagining of The Mummy franchise based around the Nasmaranian, an ancient Egyptian demon that possesses victims with exorcism themes, the film stars Jack Reynor, Laia Costa, May Calamawy, and Verónica Falcón. The film follows a family who is reunited with their long-missing, partially-mummified daughter, slowly realizing that she is possessed. James Wan and Jason Blum produced the film through their respective production banners Atomic Monster and Blumhouse Productions, alongside Wicked/Good. The film is a co-production between Ireland and the United States.",Lee Cronin,Jack Reynor|Laia Costa|May Calamawy|Hayat Kamille,CA|ES|IE|US,ar|es|en,,25,Q133505340,https://en.wikipedia.org/wiki/Lee_Cronin's_The_Mummy
84,eddington,Eddington,archive,2025-07-16,148,"Eddington is a 2025 satirical neo-Western thriller film written and directed by Ari Aster, and starring Joaquin Phoenix, Pedro Pascal, Luke Grimes, Deirdre O'Connell, Micheal Ward, Austin Butler, and Emma Stone. Set in 2020 during the COVID-19 pandemic and George Floyd protests, the film examines the political and social turmoil in the fictional town of Eddington, New Mexico caused by the contested mayoral election fought between Sheriff Joe Cross (Phoenix) and Mayor Ted Garcia (Pascal).",,Joaquin Phoenix|Pedro Pascal|Luke Grimes|Deirdre O'Connell,US,en,lIpxO4KRV98,24,Q121433282,https://en.wikipedia.org/wiki/Eddington_(film)
85,gabby-s-dollhouse-the-movie,Gabby's Dollhouse: The Movie,archive,2025-09-26,98,"Gabby's Dollhouse: The Movie is a 2025 American musical fantasy comedy film based on the Netflix series Gabby's Dollhouse, which was created by Traci Paige Johnson and Jennifer Twomey, both of whom serve as executive producers. Produced by DreamWorks Animation, the live-action animated film was directed by Ryan Crego from a screenplay by the writing teams of Mike Lew and Rehana Lew Mirza, and Adam Wilson and Melanie Wilson LaBracio, based on a story conceived by Crego. Combining live-action and animation, it stars Laila Lockhart Kraner, who reprises her role from the series with Jason Mantzoukas, Gloria Estefan, and Kristen Wiig joining the cast. The film takes place between the eleventh and twelfth seasons of the series, It follows Gabby as she goes on a road trip with her grandmother to the urban wonderland of Cat Francisco and embarks on an adventure to save her dollhouse and the Gabby Cats from a cat lady.",Ryan Crego,Laila Lockhart Kraner|Gloria Estefan|Kristen Wiig,US,en,,24,Q126414863,https://en.wikipedia.org/wiki/Gabby's_Dollhouse%3A_The_Movie
86,eternity,Eternity,archive,2025-09-07,114,"Eternity is a 2025 American fantasy romantic comedy film directed by David Freyne, who co-wrote the film with Pat Cunnane. The film stars Elizabeth Olsen as a woman forced to choose whom to spend eternity with in the afterlife: her second husband of 65 years, played by Miles Teller, or her first husband who died young, portrayed by Callum Turner. Da'Vine Joy Randolph, John Early, and Olga Merediz appear in supporting roles.",David Freyne,Elizabeth Olsen|Miles Teller|Callum Turner|Da'Vine Joy Randolph,US,en,3JySPY1kEwg,24,Q126203157,https://en.wikipedia.org/wiki/Eternity_(2025_film)
87,after-the-hunt,After the Hunt,archive,2025-08-29,138,"After the Hunt is a 2025 psychological thriller film directed by Luca Guadagnino and written by Nora Garrett. It stars Julia Roberts as Alma, a college professor caught in a sexual abuse accusation involving one of her students and a colleague. The cast also features Michael Stuhlbarg and Chloë Sevigny.",Luca Guadagnino,Julia Roberts|Michael Stuhlbarg|Chloë Sevigny|Andrew Garfield,IT|US,en,,24,Q127382372,https://en.wikipedia.org/wiki/After_the_Hunt
88,i-know-what-you-did-last-summer,I Know What You Did Last Summer,archive,2025-07-17,111,"I Know What You Did Last Summer is a 2025 American slasher film that is the fourth installment in the I Know What You Did Last Summer franchise and a sequel to I Still Know What You Did Last Summer (1998). The film takes place 27 years after the Tower Bay murders in the second film, when another hook-wielding killer appears and begins targeting a group of friends one year after they covered up a car crash in which they killed someone. It was directed by Jennifer Kaytin Robinson, who co-wrote the screenplay with Sam Lansky from a story by Leah McKendrick and Robinson. The film stars Madelyn Cline, Chase Sui Wonders, Jonah Hauer-King, Tyriq Withers, Sarah Pidgeon, Billy Campbell, Gabbriette Bechtel, and Austin Nichols, with Freddie Prinze Jr. and Jennifer Love Hewitt reprising their roles as Ray Bronson and Julie James from the first two films.",Jennifer Kaytin Robinson,Madelyn Cline|Chase Sui Wonders|Jonah Hauer-King|Tyriq Withers,US,en,FzmohsOwwhM,24,Q130368011,https://en.wikipedia.org/wiki/I_Know_What_You_Did_Last_Summer_(2025_film)
89,sir-t,Sirāt,archive,2025-05-16,115,Sirāt is a 2025 drama road film directed by Óliver Laxe and co-written by Santiago Fillol and Laxe. It follows a father in search of his missing daughter along with his son and a group of ravers in the deserts of southern Morocco.,Óliver Laxe,Sergi López,ES|FR,fr|es|en|ar,,24,Q133850188,https://en.wikipedia.org/wiki/Sir%C4%81t
90,dhurandhar,Dhurandhar,archive,2025-12-05,214,"Dhurandhar is a 2025 Indian Hindi-language spy action thriller film written and directed by Aditya Dhar. It is produced by Aditya Dhar, Lokesh Dhar and Jyoti Deshpande under Jio Studios and B62 Studios. The film features an ensemble cast consisting of Ranveer Singh, Akshaye Khanna, Sanjay Dutt, Arjun Rampal, R. Madhavan, Sara Arjun, Rakesh Bedi, Gaurav Gera, and Danish Pandor alongside several supporting actors. The first instalment of a duology, it centres on a high-stakes covert counter-terrorism operation. The film follows an undercover Indian intelligence agent who infiltrates Karachi's criminal syndicates and political power structures in Pakistan in an effort to dismantle a terror network targeting India.",Aditya Dhar,Ranveer Singh|Akshaye Khanna|Sanjay Dutt|Arjun Rampal,IN,hi,,24,Q135230927,https://en.wikipedia.org/wiki/Dhurandhar
91,peaky-blinders-the-immortal-man,Peaky Blinders: The Immortal Man,archive,2026-03-06,112,"Peaky Blinders: The Immortal Man is a 2026 British crime drama film directed by Tom Harper and written by Steven Knight. It is a continuation of the British television series Peaky Blinders (2013–2022), and stars Cillian Murphy alongside an ensemble cast including Sophie Rundle, Ned Dennehy, Packy Lee, Ian Peck, and Stephen Graham reprising their roles, alongside new additions Rebecca Ferguson, Tim Roth, Jay Lycurgo, and Barry Keoghan.",Tom Harper,Cillian Murphy|Sophie Rundle|Ned Dennehy|Packy Lee,GB,en,lcvUGs3xaDM,23,Q124355470,https://en.wikipedia.org/wiki/Peaky_Blinders%3A_The_Immortal_Man
92,a-big-bold-beautiful-journey,A Big Bold Beautiful Journey,archive,2025-09-18,109,"A Big Bold Beautiful Journey is a 2025 American romantic fantasy film directed by Kogonada and written by Seth Reiss. The film stars Margot Robbie, Colin Farrell, Kevin Kline, and Phoebe Waller-Bridge.",Kogonada,Margot Robbie|Colin Farrell|Kevin Kline|Phoebe Waller-Bridge,US,en,DiJe8pHK75Y,23,Q124497778,https://en.wikipedia.org/wiki/A_Big_Bold_Beautiful_Journey
93,the-smashing-machine,The Smashing Machine,archive,2025-09-01,123,"The Smashing Machine is a 2025 American biographical sports drama film, written and directed by Benny Safdie. It stars Dwayne Johnson as American combat sportsman Mark Kerr, alongside Emily Blunt as Kerr's girlfriend, with supporting roles from Ryan Bader, Bas Rutten and Oleksandr Usyk.",Benny Safdie,Dwayne Johnson|Emily Blunt|Ryan Bader|Bas Rutten,US,en,aRpnP3LZ99g,23,Q126012569,https://en.wikipedia.org/wiki/The_Smashing_Machine_(2025_film)
94,crime-101,Crime 101,archive,2026-01-28,135,"Crime 101 is a 2026 crime thriller film starring Chris Hemsworth, Mark Ruffalo, Barry Keoghan, and Halle Berry. It is written and directed by Bart Layton, based on the 2020 novella by Don Winslow. The film also features Monica Barbaro, Corey Hawkins, Jennifer Jason Leigh, and Nick Nolte.",Bart Layton,Barry Keoghan|Halle Berry|Monica Barbaro|Corey Hawkins,US,en,f5y-cziwmMw,23,Q126394034,https://en.wikipedia.org/wiki/Crime_101_(2026_film)
95,until-dawn,Until Dawn,archive,2025-04-23,103,"Until Dawn is a 2025 American survival horror film adapted from the 2015 video game by PlayStation Studios, and it is set in the same universe while featuring an original standalone story that expands upon the game's mythology. The film take place between the events of the games in the series, the 2015 video game and Until Dawn 2 (2027). Directed by David F. Sandberg, and written by Gary Dauberman and Blair Butler. It stars Ella Rubin, Michael Cimino, Odessa A'zion, Ji-young Yoo, and Belmont Cameli as a group of friends who end up in a secluded area embedded with a time loop mechanic; a threat is out to hunt them where dying restarts the night with a new threat each time, and the only solution is to survive until morning. Peter Stormare also stars, reprising his role from the game.",David F. Sandberg,Ella Rubin|Michael Cimino|Odessa A'zion|Ji-young Yoo,US,en,Cgq_ia_Os2g,23,Q128602012,https://en.wikipedia.org/wiki/Until_Dawn_(film)
96,roofman,Roofman,archive,2025-09-06,126,"Roofman is a 2025 American crime comedy film directed by Derek Cianfrance. It is based on the life of Jeffrey Manchester, played by Channing Tatum, who robbed McDonald's locations by drilling through their roofs and hid out in a toy store after escaping prison. The film also stars Kirsten Dunst, LaKeith Stanfield, Juno Temple, and Peter Dinklage, with Ben Mendelsohn, Uzo Aduba, and Jimmy O. Yang appearing in supporting roles.",Derek Cianfrance,Channing Tatum|Kirsten Dunst|LaKeith Stanfield|Juno Temple,US,en,,23,Q130742503,https://en.wikipedia.org/wiki/Roofman
97,the-old-guard-2,The Old Guard 2,archive,2025-07-02,104,"The Old Guard 2 is a 2025 American superhero film directed by Victoria Mahoney, from a screenplay by Greg Rucka and Sarah L. Walker, based on the comic book The Old Guard by Rucka and Leandro Fernández. Serving as a sequel to the first film, the film stars Charlize Theron, KiKi Layne, Matthias Schoenaerts, Marwan Kenzari, Luca Marinelli, Veronica Ngô, and Chiwetel Ejiofor reprising their roles from the first film while Henry Golding and Uma Thurman join the cast. The Old Guard 2 was released on July 2, 2025, on Netflix and received generally mixed-to-negative reviews from critics, calling it inferior to its predecessor. It was the final film to be produced by Skydance before its merger with Paramount Global.",Victoria Mahoney,Charlize Theron|Matthias Schoenaerts|Marwan Kenzari|Luca Marinelli,US,en,lyivgZ074PY,22,Q114352640,https://en.wikipedia.org/wiki/The_Old_Guard_2
98,father-mother-sister-brother,Father Mother Sister Brother,archive,2025-08-31,110,"Father Mother Sister Brother is a 2025 comedy-drama anthology film written and directed by Jim Jarmusch. It follows three estranged family relationships in three different countries around the world, starring an ensemble cast that includes Tom Waits, Adam Driver, Mayim Bialik, Charlotte Rampling, Cate Blanchett, Vicky Krieps, Sarah Greene, Indya Moore, and Luka Sabbat.",Jim Jarmusch,Tom Waits|Adam Driver|Mayim Bialik|Charlotte Rampling,FR|IE|IT|JP|US,en,,22,Q124364048,https://en.wikipedia.org/wiki/Father_Mother_Sister_Brother
99,pillion,Pillion,archive,2025-05-18,106,"Pillion is a 2025 queer romantic dramedy written and directed by Harry Lighton, based on the 2020 novel Box Hill by Adam Mars-Jones. The film stars Harry Melling as a timid gay man and Alexander Skarsgård as an enigmatic biker who start a BDSM relationship.",Harry Lighton,Harry Melling|Alexander Skarsgård,GB|IE,en,,22,Q125975336,https://en.wikipedia.org/wiki/Pillion_(film)
100,how-to-make-a-killing,How to Make a Killing,archive,2026-02-20,106,"How to Make a Killing is a 2026 black comedy thriller film written and directed by John Patton Ford, inspired by the 1949 British film Kind Hearts and Coronets by Robert Hamer and John Dighton. Glen Powell stars along with Margaret Qualley, Jessica Henwick, Bill Camp, Zach Woods, Topher Grace, and Ed Harris in the supporting cast.",John Patton Ford,Glen Powell|Margaret Qualley|Jessica Henwick|Bill Camp,FR|GB,en,BxBof_p3_es,22,Q126488898,https://en.wikipedia.org/wiki/How_to_Make_a_Killing
101,bring-her-back,Bring Her Back,archive,2025-05-28,104,"Bring Her Back is a 2025 Australian supernatural folk horror film directed by Danny and Michael Philippou and written by Danny Philippou and Bill Hinzman. It stars Billy Barratt, Sora Wong, Jonah Wren Phillips, and Sally Hawkins. The film follows two step-siblings who are placed in an occult ritual by their new foster mother.",Danny Philippou|Michael Philippou,Billy Barratt|Sora Wong|Sally Hawkins|Sally-Anne Upton,AU,en,Lg4636nVtEg,22,Q127602379,https://en.wikipedia.org/wiki/Bring_Her_Back
102,war-machine,War Machine,archive,2026-02-12,106,"War Machine is a 2026 military science fiction action film directed, co-produced, and co-written by Patrick Hughes. It stars Alan Ritchson, Dennis Quaid, Stephan James, Jai Courtney, Esai Morales, Keiynan Lonsdale, and Daniel Webber. In the film, a staff sergeant encounters an otherworldly killing machine while on a grueling training exercise.",Patrick Hughes,Alan Ritchson|Dennis Quaid|Stephan James|Jai Courtney,AU|GB|NZ|US,en,AFuE1LRxm80,22,Q130375767,https://en.wikipedia.org/wiki/War_Machine_(2026_film)
