id,hall_id,row,number,seat_type_id
1,1,A,1,3
2,1,A,2,1
3,1,A,3,1
4,1,A,4,1
5,1,A,5,1
6,1,A,6,1
7,1,A,7,1
8,1,A,8,1
9,1,A,9,1
10,1,A,10,1
11,1,A,11,1
12,1,A,12,1
13,1,A,13,1
14,1,A,14,1
15,1,A,15,1
16,1,A,16,1
17,1,A,17,1
18,1,A,18,3
19,1,B,1,1
20,1,B,2,1
21,1,B,3,1
22,1,B,4,1
23,1,B,5,1
24,1,B,6,1
25,1,B,7,1
26,1,B,8,1
27,1,B,9,1
28,1,B,10,1
29,1,B,11,1
30,1,B,12,1
31,1,B,13,1
32,1,B,14,1
33,1,B,15,1
34,1,B,16,1
35,1,B,17,1
36,1,B,18,1
37,1,C,1,1
38,1,C,2,1
39,1,C,3,1
40,1,C,4,1
41,1,C,5,1
42,1,C,6,1
43,1,C,7,1
44,1,C,8,1
45,1,C,9,1
46,1,C,10,1
47,1,C,11,1
48,1,C,12,1
49,1,C,13,1
50,1,C,14,1
51,1,C,15,1
52,1,C,16,1
53,1,C,17,1
54,1,C,18,1
55,1,D,1,1
56,1,D,2,1
57,1,D,3,1
58,1,D,4,1
59,1,D,5,1
60,1,D,6,1
61,1,D,7,1
62,1,D,8,1
63,1,D,9,1
64,1,D,10,1
65,1,D,11,1
66,1,D,12,1
67,1,D,13,1
68,1,D,14,1
69,1,D,15,1
70,1,D,16,1
71,1,D,17,1
72,1,D,18,1
73,1,E,1,1
74,1,E,2,1
75,1,E,3,1
76,1,E,4,1
77,1,E,5,1
78,1,E,6,1
79,1,E,7,1
80,1,E,8,1
81,1,E,9,1
82,1,E,10,1
83,1,E,11,1
84,1,E,12,1
85,1,E,13,1
86,1,E,14,1
87,1,E,15,1
88,1,E,16,1
89,1,E,17,1
90,1,E,18,1
91,1,F,1,1
92,1,F,2,1
93,1,F,3,1
94,1,F,4,1
95,1,F,5,1
96,1,F,6,1
97,1,F,7,1
98,1,F,8,1
99,1,F,9,1
100,1,F,10,1
101,1,F,11,1
102,1,F,12,1
103,1,F,13,1
104,1,F,14,1
105,1,F,15,1
106,1,F,16,1
107,1,F,17,1
108,1,F,18,1
109,1,G,1,1
110,1,G,2,1
111,1,G,3,1
112,1,G,4,1
113,1,G,5,2
114,1,G,6,2
115,1,G,7,2
116,1,G,8,2
117,1,G,9,2
118,1,G,10,2
119,1,G,11,2
120,1,G,12,2
121,1,G,13,2
122,1,G,14,2
123,1,G,15,1
124,1,G,16,1
125,1,G,17,1
126,1,G,18,1
127,1,H,1,1
128,1,H,2,1
129,1,H,3,1
130,1,H,4,1
131,1,H,5,2
132,1,H,6,2
133,1,H,7,2
134,1,H,8,2
135,1,H,9,2
136,1,H,10,2
137,1,H,11,2
138,1,H,12,2
139,1,H,13,2
140,1,H,14,2
141,1,H,15,1
142,1,H,16,1
143,1,H,17,1
144,1,H,18,1
145,1,I,1,1
146,1,I,2,1
147,1,I,3,1
148,1,I,4,1
149,1,I,5,2
150,1,I,6,2
151,1,I,7,2
152,1,I,8,2
153,1,I,9,2
154,1,I,10,2
155,1,I,11,2
156,1,I,12,2
157,1,I,13,2
158,1,I,14,2
159,1,I,15,1
160,1,I,16,1
161,1,I,17,1
162,1,I,18,1
163,1,J,1,1
164,1,J,2,1
165,1,J,3,1
166,1,J,4,1
167,1,J,5,2
168,1,J,6,2
169,1,J,7,2
170,1,J,8,2
171,1,J,9,2
172,1,J,10,2
173,1,J,11,2
174,1,J,12,2
175,1,J,13,2
176,1,J,14,2
177,1,J,15,1
178,1,J,16,1
179,1,J,17,1
180,1,J,18,1
181,1,K,1,1
182,1,K,2,1
183,1,K,3,1
184,1,K,4,1
185,1,K,5,2
186,1,K,6,2
187,1,K,7,2
188,1,K,8,2
189,1,K,9,2
190,1,K,10,2
191,1,K,11,2
192,1,K,12,2
193,1,K,13,2
194,1,K,14,2
195,1,K,15,1
196,1,K,16,1
197,1,K,17,1
198,1,K,18,1
199,1,L,1,1
200,1,L,2,1
201,1,L,3,1
202,1,L,4,1
203,1,L,5,1
204,1,L,6,1
205,1,L,7,1
206,1,L,8,1
207,1,L,9,1
208,1,L,10,1
209,1,L,11,1
210,1,L,12,1
211,1,L,13,1
212,1,L,14,1
213,1,L,15,1
214,1,L,16,1
215,1,L,17,1
216,1,L,18,1
217,2,A,1,3
218,2,A,2,1
219,2,A,3,1
220,2,A,4,1
221,2,A,5,1
222,2,A,6,1
223,2,A,7,1
224,2,A,8,1
225,2,A,9,1
226,2,A,10,1
227,2,A,11,1
228,2,A,12,1
229,2,A,13,1
230,2,A,14,1
231,2,A,15,1
232,2,A,16,3
233,2,B,1,1
234,2,B,2,1
235,2,B,3,1
236,2,B,4,1
237,2,B,5,1
238,2,B,6,1
239,2,B,7,1
240,2,B,8,1
241,2,B,9,1
242,2,B,10,1
243,2,B,11,1
244,2,B,12,1
245,2,B,13,1
246,2,B,14,1
247,2,B,15,1
248,2,B,16,1
249,2,C,1,1
250,2,C,2,1
251,2,C,3,1
252,2,C,4,1
253,2,C,5,1
254,2,C,6,1
255,2,C,7,1
256,2,C,8,1
257,2,C,9,1
258,2,C,10,1
259,2,C,11,1
260,2,C,12,1
261,2,C,13,1
262,2,C,14,1
263,2,C,15,1
264,2,C,16,1
265,2,D,1,1
266,2,D,2,1
267,2,D,3,1
268,2,D,4,1
269,2,D,5,1
270,2,D,6,1
271,2,D,7,1
272,2,D,8,1
273,2,D,9,1
274,2,D,10,1
275,2,D,11,1
276,2,D,12,1
277,2,D,13,1
278,2,D,14,1
279,2,D,15,1
280,2,D,16,1
281,2,E,1,1
282,2,E,2,1
283,2,E,3,1
284,2,E,4,1
285,2,E,5,1
286,2,E,6,1
287,2,E,7,1
288,2,E,8,1
289,2,E,9,1
290,2,E,10,1
291,2,E,11,1
292,2,E,12,1
293,2,E,13,1
294,2,E,14,1
295,2,E,15,1
296,2,E,16,1
297,2,F,1,1
298,2,F,2,1
299,2,F,3,1
300,2,F,4,1
301,2,F,5,2
302,2,F,6,2
303,2,F,7,2
304,2,F,8,2
305,2,F,9,2
306,2,F,10,2
307,2,F,11,2
308,2,F,12,2
309,2,F,13,1
310,2,F,14,1
311,2,F,15,1
312,2,F,16,1
313,2,G,1,1
314,2,G,2,1
315,2,G,3,1
316,2,G,4,1
317,2,G,5,2
318,2,G,6,2
319,2,G,7,2
320,2,G,8,2
321,2,G,9,2
322,2,G,10,2
323,2,G,11,2
324,2,G,12,2
325,2,G,13,1
326,2,G,14,1
327,2,G,15,1
328,2,G,16,1
329,2,H,1,1
330,2,H,2,1
331,2,H,3,1
332,2,H,4,1
333,2,H,5,2
334,2,H,6,2
335,2,H,7,2
336,2,H,8,2
337,2,H,9,2
338,2,H,10,2
339,2,H,11,2
340,2,H,12,2
341,2,H,13,1
342,2,H,14,1
343,2,H,15,1
344,2,H,16,1
345,2,I,1,1
346,2,I,2,1
347,2,I,3,1
348,2,I,4,1
349,2,I,5,2
350,2,I,6,2
351,2,I,7,2
352,2,I,8,2
353,2,I,9,2
354,2,I,10,2
355,2,I,11,2
356,2,I,12,2
357,2,I,13,1
358,2,I,14,1
359,2,I,15,1
360,2,I,16,1
361,2,J,1,1
362,2,J,2,1
363,2,J,3,1
364,2,J,4,1
365,2,J,5,1
366,2,J,6,1
367,2,J,7,1
368,2,J,8,1
369,2,J,9,1
370,2,J,10,1
371,2,J,11,1
372,2,J,12,1
373,2,J,13,1
374,2,J,14,1
375,2,J,15,1
376,2,J,16,1
377,3,A,1,3
378,3,A,2,1
379,3,A,3,1
380,3,A,4,1
381,3,A,5,1
382,3,A,6,1
383,3,A,7,1
384,3,A,8,1
385,3,A,9,1
386,3,A,10,1
387,3,A,11,1
388,3,A,12,1
389,3,A,13,1
390,3,A,14,3
391,3,B,1,1
392,3,B,2,1
393,3,B,3,1
394,3,B,4,1
395,3,B,5,1
396,3,B,6,1
397,3,B,7,1
398,3,B,8,1
399,3,B,9,1
400,3,B,10,1
401,3,B,11,1
402,3,B,12,1
403,3,B,13,1
404,3,B,14,1
405,3,C,1,1
406,3,C,2,1
407,3,C,3,1
408,3,C,4,1
409,3,C,5,1
410,3,C,6,1
411,3,C,7,1
412,3,C,8,1
413,3,C,9,1
414,3,C,10,1
415,3,C,11,1
416,3,C,12,1
417,3,C,13,1
418,3,C,14,1
419,3,D,1,1
420,3,D,2,1
421,3,D,3,1
422,3,D,4,1
423,3,D,5,1
424,3,D,6,1
425,3,D,7,1
426,3,D,8,1
427,3,D,9,1
428,3,D,10,1
429,3,D,11,1
430,3,D,12,1
431,3,D,13,1
432,3,D,14,1
433,3,E,1,1
434,3,E,2,1
435,3,E,3,1
436,3,E,4,2
437,3,E,5,2
438,3,E,6,2
439,3,E,7,2
440,3,E,8,2
441,3,E,9,2
442,3,E,10,2
443,3,E,11,2
444,3,E,12,1
445,3,E,13,1
446,3,E,14,1
447,3,F,1,1
448,3,F,2,1
449,3,F,3,1
450,3,F,4,2
451,3,F,5,2
452,3,F,6,2
453,3,F,7,2
454,3,F,8,2
455,3,F,9,2
456,3,F,10,2
457,3,F,11,2
458,3,F,12,1
459,3,F,13,1
460,3,F,14,1
461,3,G,1,1
462,3,G,2,1
463,3,G,3,1
464,3,G,4,2
465,3,G,5,2
466,3,G,6,2
467,3,G,7,2
468,3,G,8,2
469,3,G,9,2
470,3,G,10,2
471,3,G,11,2
472,3,G,12,1
473,3,G,13,1
474,3,G,14,1
475,3,H,1,1
476,3,H,2,1
477,3,H,3,1
478,3,H,4,2
479,3,H,5,2
480,3,H,6,2
481,3,H,7,2
482,3,H,8,2
483,3,H,9,2
484,3,H,10,2
485,3,H,11,2
486,3,H,12,1
487,3,H,13,1
488,3,H,14,1
489,3,I,1,1
490,3,I,2,1
491,3,I,3,1
492,3,I,4,1
493,3,I,5,1
494,3,I,6,1
495,3,I,7,1
496,3,I,8,1
497,3,I,9,1
498,3,I,10,1
499,3,I,11,1
500,3,I,12,1
501,3,I,13,1
502,3,I,14,1
503,4,A,1,3
504,4,A,2,1
505,4,A,3,1
506,4,A,4,1
507,4,A,5,1
508,4,A,6,1
509,4,A,7,1
510,4,A,8,1
511,4,A,9,1
512,4,A,10,3
513,4,B,1,1
514,4,B,2,1
515,4,B,3,1
516,4,B,4,1
517,4,B,5,1
518,4,B,6,1
519,4,B,7,1
520,4,B,8,1
521,4,B,9,1
522,4,B,10,1
523,4,C,1,1
524,4,C,2,1
525,4,C,3,1
526,4,C,4,1
527,4,C,5,1
528,4,C,6,1
529,4,C,7,1
530,4,C,8,1
531,4,C,9,1
532,4,C,10,1
533,4,D,1,1
534,4,D,2,1
535,4,D,3,2
536,4,D,4,2
537,4,D,5,2
538,4,D,6,2
539,4,D,7,2
540,4,D,8,2
541,4,D,9,1
542,4,D,10,1
543,4,E,1,1
544,4,E,2,1
545,4,E,3,2
546,4,E,4,2
547,4,E,5,2
548,4,E,6,2
549,4,E,7,2
550,4,E,8,2
551,4,E,9,1
552,4,E,10,1
553,4,F,1,1
554,4,F,2,1
555,4,F,3,2
556,4,F,4,2
557,4,F,5,2
558,4,F,6,2
559,4,F,7,2
560,4,F,8,2
561,4,F,9,1
562,4,F,10,1
563,4,G,1,1
564,4,G,2,1
565,4,G,3,1
566,4,G,4,1
567,4,G,5,1
568,4,G,6,1
569,4,G,7,1
570,4,G,8,1
571,4,G,9,1
572,4,G,10,1
