id,movie_id,hall_id,day_offset,start_time,price,language,subtitles
1,1,1,0,15:00,11.00,en,
2,1,1,0,18:15,12.50,en,
3,6,1,0,21:30,12.50,en,
4,2,2,0,14:45,9.50,en,
5,2,2,0,17:30,11.00,en,
6,2,2,0,20:15,11.00,en,
7,6,3,0,15:00,7.50,en,
8,6,3,0,17:00,9.00,en,
9,11,3,0,19:00,9.00,en,
10,5,3,0,21:30,9.00,en,
11,6,4,0,14:30,6.50,en,
12,8,4,0,16:30,6.50,en,
13,8,4,0,18:35,8.00,en,
14,5,4,0,20:40,8.00,en,
15,2,1,1,15:00,11.00,en,
16,6,1,1,17:45,12.50,en,
17,6,1,1,19:45,12.50,en,
18,6,1,1,21:45,12.50,en,
19,4,2,1,15:00,9.50,en,
20,2,2,1,17:45,11.00,en,
21,4,2,1,20:30,11.00,en,
22,9,3,1,15:00,7.50,fr,en
23,5,3,1,17:10,9.00,en,
24,7,3,1,19:25,9.00,en,
25,11,3,1,21:30,9.00,en,
26,9,4,1,14:45,6.50,fr,en
27,7,4,1,16:55,6.50,en,
28,8,4,1,19:00,8.00,en,
29,10,4,1,21:05,8.00,en,
30,1,1,2,14:30,11.00,en,
31,4,1,2,17:45,12.50,en,
32,1,1,2,20:30,12.50,en,
33,3,2,2,14:45,9.50,en,
34,5,2,2,16:55,9.50,en,
35,3,2,2,19:10,11.00,en,
36,1,2,2,21:20,11.00,en,
37,12,3,2,15:00,7.50,en,
38,6,3,2,17:30,9.00,en,
39,11,3,2,19:30,9.00,en,
40,6,3,2,22:00,9.00,en,
41,9,4,2,15:00,6.50,fr,en
42,10,4,2,17:10,8.00,en,
43,8,4,2,19:05,8.00,en,
44,6,4,2,21:10,8.00,en,
45,6,1,3,14:30,11.00,en,
46,2,1,3,16:30,11.00,en,
47,3,1,3,19:15,12.50,en,
48,1,1,3,21:25,12.50,en,
49,1,2,3,14:30,9.50,en,
50,4,2,3,17:45,11.00,en,
51,3,2,3,20:30,11.00,en,
52,4,2,3,22:40,11.00,en,
53,10,3,3,15:00,7.50,en,
54,7,3,3,16:55,7.50,en,
55,10,3,3,19:00,9.00,en,
56,10,3,3,20:55,9.00,en,
57,9,4,3,14:30,6.50,fr,en
58,6,4,3,16:40,6.50,en,
59,7,4,3,18:40,8.00,en,
60,8,4,3,20:45,8.00,en,
61,4,1,4,14:30,11.00,en,
62,4,1,4,17:15,12.50,en,
63,3,1,4,20:00,12.50,en,
64,6,1,4,22:10,12.50,en,
65,5,2,4,15:00,9.50,en,
66,2,2,4,17:15,11.00,en,
67,6,2,4,20:00,11.00,en,
68,3,2,4,22:00,11.00,en,
69,8,3,4,14:30,7.50,en,
70,5,3,4,16:35,7.50,en,
71,10,3,4,18:50,9.00,en,
72,11,3,4,20:45,9.00,en,
73,6,4,4,14:45,6.50,en,
74,8,4,4,16:45,6.50,en,
75,10,4,4,18:50,8.00,en,
76,8,4,4,20:45,8.00,en,
77,4,1,5,15:00,11.00,en,
78,4,1,5,17:45,12.50,en,
79,6,1,5,20:30,12.50,en,
80,4,1,5,22:30,12.50,en,
81,3,2,5,14:30,9.50,en,
82,2,2,5,16:40,9.50,en,
83,2,2,5,19:25,11.00,en,
84,6,2,5,22:10,11.00,en,
85,9,3,5,15:00,7.50,fr,en
86,11,3,5,17:10,9.00,en,
87,11,3,5,19:40,9.00,en,
88,10,3,5,22:10,9.00,en,
89,7,4,5,14:30,6.50,en,
90,12,4,5,16:35,6.50,en,
91,6,4,5,19:05,8.00,en,
92,5,4,5,21:05,8.00,en,
93,2,1,6,14:30,11.00,en,
94,6,1,6,17:15,12.50,en,
95,2,1,6,19:15,12.50,en,
96,6,1,6,22:00,12.50,en,
97,5,2,6,14:45,9.50,en,
98,1,2,6,17:00,11.00,en,
99,4,2,6,20:15,11.00,en,
100,12,3,6,14:45,7.50,en,
101,9,3,6,17:15,9.00,fr,en
102,5,3,6,19:25,9.00,en,
103,6,3,6,21:40,9.00,en,
104,9,4,6,15:00,6.50,fr,en
105,10,4,6,17:10,8.00,en,
106,6,4,6,19:05,8.00,en,
107,9,4,6,21:05,8.00,fr,en
108,2,1,7,14:45,11.00,en,
109,4,1,7,17:30,12.50,en,
110,1,1,7,20:15,12.50,en,
111,6,2,7,15:00,9.50,en,
112,3,2,7,17:00,11.00,en,
113,5,2,7,19:10,11.00,en,
114,2,2,7,21:25,11.00,en,
115,6,3,7,15:00,7.50,en,
116,9,3,7,17:00,9.00,fr,en
117,8,3,7,19:10,9.00,en,
118,7,3,7,21:15,9.00,en,
119,7,4,7,14:45,6.50,en,
120,5,4,7,16:50,6.50,en,
121,10,4,7,19:05,8.00,en,
122,12,4,7,21:00,8.00,en,
123,1,1,8,14:30,11.00,en,
124,3,1,8,17:45,12.50,en,
125,3,1,8,19:55,12.50,en,
126,2,1,8,22:05,12.50,en,
127,2,2,8,14:30,9.50,en,
128,5,2,8,17:15,11.00,en,
129,1,2,8,19:30,11.00,en,
130,1,2,8,22:45,11.00,en,
131,12,3,8,15:00,7.50,en,
132,6,3,8,17:30,9.00,en,
133,7,3,8,19:30,9.00,en,
134,7,3,8,21:35,9.00,en,
135,12,4,8,15:00,6.50,en,
136,7,4,8,17:30,8.00,en,
137,9,4,8,19:35,8.00,fr,en
138,11,4,8,21:45,8.00,en,
139,5,1,9,14:30,11.00,en,
140,6,1,9,16:45,11.00,en,
141,6,1,9,18:45,12.50,en,
142,2,1,9,20:45,12.50,en,
143,3,2,9,15:00,9.50,en,
144,4,2,9,17:10,11.00,en,
145,6,2,9,19:55,11.00,en,
146,6,2,9,21:55,11.00,en,
147,12,3,9,14:45,7.50,en,
148,12,3,9,17:15,9.00,en,
149,6,3,9,19:45,9.00,en,
150,8,3,9,21:45,9.00,en,
151,6,4,9,14:30,6.50,en,
152,10,4,9,16:30,6.50,en,
153,5,4,9,18:25,8.00,en,
154,8,4,9,20:40,8.00,en,
155,8,4,9,22:45,8.00,en,
156,1,1,10,14:30,11.00,en,
157,6,1,10,17:45,12.50,en,
158,6,1,10,19:45,12.50,en,
159,1,1,10,21:45,12.50,en,
160,1,2,10,14:30,9.50,en,
161,1,2,10,17:45,11.00,en,
162,3,2,10,21:00,11.00,en,
163,8,3,10,14:30,7.50,en,
164,9,3,10,16:35,7.50,fr,en
165,12,3,10,18:45,9.00,en,
166,8,3,10,21:15,9.00,en,
167,7,4,10,15:00,6.50,en,
168,12,4,10,17:05,8.00,en,
169,8,4,10,19:35,8.00,en,
170,12,4,10,21:40,8.00,en,
171,2,1,11,14:45,11.00,en,
172,1,1,11,17:30,12.50,en,
173,1,1,11,20:45,12.50,en,
174,4,2,11,15:00,9.50,en,
175,3,2,11,17:45,11.00,en,
176,4,2,11,19:55,11.00,en,
177,4,2,11,22:40,11.00,en,
178,5,3,11,14:45,7.50,en,
179,6,3,11,17:00,9.00,en,
180,5,3,11,19:00,9.00,en,
181,11,3,11,21:15,9.00,en,
182,10,4,11,15:00,6.50,en,
183,6,4,11,16:55,6.50,en,
184,8,4,11,18:55,8.00,en,
185,8,4,11,21:00,8.00,en,
186,5,1,12,14:30,11.00,en,
187,4,1,12,16:45,11.00,en,
188,2,1,12,19:30,12.50,en,
189,4,1,12,22:15,12.50,en,
190,3,2,12,14:30,9.50,en,
191,4,2,12,16:40,9.50,en,
192,2,2,12,19:25,11.00,en,
193,1,2,12,22:10,11.00,en,
194,6,3,12,14:45,7.50,en,
195,5,3,12,16:45,7.50,en,
196,5,3,12,19:00,9.00,en,
197,6,3,12,21:15,9.00,en,
198,7,4,12,14:30,6.50,en,
199,11,4,12,16:35,6.50,en,
200,12,4,12,19:05,8.00,en,
201,12,4,12,21:35,8.00,en,
202,4,1,13,14:30,11.00,en,
203,1,1,13,17:15,12.50,en,
204,2,1,13,20:30,12.50,en,
205,1,2,13,14:45,9.50,en,
206,4,2,13,18:00,11.00,en,
207,3,2,13,20:45,11.00,en,
208,9,3,13,14:45,7.50,fr,en
209,11,3,13,16:55,7.50,en,
210,12,3,13,19:25,9.00,en,
211,7,3,13,21:55,9.00,en,
212,9,4,13,14:30,6.50,fr,en
213,8,4,13,16:40,6.50,en,
214,5,4,13,18:45,8.00,en,
215,5,4,13,21:00,8.00,en,
